"YEAR","SEX","AGE","RACE","HISPAN","EDUC","EMPSTAT","INCTOT","FTOTINC"
2019,1,20,1,0,7,2,4600,NA
2019,1,58,1,0,6,1,2500,NA
2019,1,20,1,0,7,1,8000,NA
2019,1,15,2,0,2,0,9300,NA
2019,1,6,1,0,1,0,NA,NA
2019,1,18,1,0,7,1,8200,NA
2019,1,31,2,0,6,3,36000,NA
2019,2,21,1,0,6,1,8500,NA
2019,1,65,1,0,7,3,14400,NA
2019,1,29,1,0,5,1,13900,NA
2019,2,18,2,0,6,1,450,NA
2019,1,39,2,0,8,3,10100,NA
2019,2,19,1,0,6,3,0,NA
2019,2,69,1,0,10,3,26000,NA
2019,1,19,1,0,7,2,5200,NA
2019,2,20,1,2,6,3,0,NA
2019,1,18,1,0,6,2,4100,NA
2019,1,52,2,0,6,3,34300,NA
2019,1,3,2,0,1,0,NA,NA
2019,1,29,2,0,6,3,1200,NA
2019,2,19,1,0,6,3,0,NA
2019,2,42,1,0,6,3,8800,NA
2019,2,68,2,0,3,3,26000,NA
2019,1,78,1,0,6,3,38000,NA
2019,2,71,2,0,7,3,12700,NA
2019,1,19,1,0,6,3,2400,NA
2019,2,19,3,0,6,3,1000,NA
2019,2,35,1,0,6,3,500,NA
2019,2,89,1,0,6,3,12700,NA
2019,1,19,3,0,6,3,0,NA
2019,1,18,1,1,6,1,3000,NA
2019,2,20,2,0,6,1,3000,NA
2019,1,54,1,0,7,3,5160,NA
2019,1,18,3,0,6,1,3900,NA
2019,1,18,1,0,6,1,2100,NA
2019,2,18,2,0,7,1,1000,NA
2019,1,18,1,0,7,3,6700,NA
2019,2,53,1,0,6,3,16400,NA
2019,1,61,2,0,6,3,0,NA
2019,1,40,3,1,7,2,2400,NA
2019,1,65,1,0,7,3,14400,NA
2019,2,62,2,0,0,3,720,NA
2019,1,12,3,0,2,0,NA,NA
2019,2,19,1,0,6,3,3500,NA
2019,1,5,2,0,1,0,NA,NA
2019,1,21,1,0,7,3,15000,NA
2019,1,58,1,0,6,1,2500,NA
2019,2,18,1,0,6,1,6000,NA
2019,1,19,3,3,6,1,5800,NA
2019,1,13,1,0,2,0,NA,NA
2019,2,73,1,0,8,3,30030,NA
2019,2,52,2,0,4,3,0,NA
2019,2,42,1,0,6,3,8800,NA
2019,2,28,1,0,6,3,5160,NA
2019,2,30,1,0,10,3,2400,NA
2019,1,18,1,0,6,3,1000,NA
2019,1,3,3,1,0,0,NA,NA
2019,2,17,3,1,6,3,1200,NA
2019,2,35,2,0,6,1,2500,NA
2019,1,28,2,0,6,3,1100,NA
2019,2,33,2,0,6,2,16700,NA
2019,1,19,1,0,7,1,6000,NA
2019,1,18,1,0,7,3,6700,NA
2019,2,19,1,4,6,1,4030,NA
2019,2,18,2,0,7,1,1000,NA
2019,1,28,1,0,7,3,1970,NA
2019,2,18,1,0,6,1,3000,NA
2019,2,76,1,0,8,3,19700,NA
2019,1,35,2,0,6,3,1200,NA
2019,2,19,1,0,7,1,8200,NA
2019,1,11,3,0,2,0,NA,NA
2019,1,21,1,0,6,3,15000,NA
2019,2,35,1,0,6,3,500,NA
2019,1,39,2,0,8,3,10100,NA
2019,1,62,2,0,7,3,8400,NA
2019,2,24,2,0,7,1,7600,NA
2019,1,25,1,0,7,3,920,NA
2019,1,19,3,0,6,3,0,NA
2019,2,18,1,0,6,3,4500,NA
2019,1,27,1,0,6,3,5160,NA
2019,1,40,3,1,7,2,2400,NA
2019,1,19,1,0,6,3,3900,NA
2019,1,34,3,0,6,3,2400,NA
2019,2,33,1,0,6,3,1600,NA
2019,1,25,2,0,6,3,2900,NA
2019,1,61,1,0,7,3,14400,NA
2019,2,52,1,0,10,3,30200,NA
2019,2,95,1,0,11,3,9000,NA
2019,1,40,3,4,6,2,9000,NA
2019,2,67,1,0,6,3,26000,NA
2019,1,25,1,0,7,3,8200,NA
2019,2,18,1,0,7,3,1000,NA
2019,1,12,2,0,2,0,NA,NA
2019,1,57,2,0,0,3,15000,NA
2019,1,19,1,0,6,3,0,NA
2019,1,24,3,0,6,3,9990,NA
2019,1,28,1,0,7,3,1970,NA
2019,2,18,1,1,7,1,2700,NA
2019,1,70,1,0,6,3,9600,NA
2019,2,50,1,0,11,3,16400,NA
2019,2,10,2,0,1,0,NA,NA
2019,2,10,2,0,1,0,NA,NA
2019,1,13,3,0,2,0,NA,NA
2019,2,54,2,0,6,3,1200,NA
2019,1,45,1,0,7,3,2900,NA
2019,1,20,1,0,7,2,4600,NA
2019,2,18,1,1,7,1,2700,NA
2019,1,40,1,0,5,2,2400,NA
2019,2,19,1,0,8,3,0,NA
2019,1,5,2,0,1,0,NA,NA
2019,2,66,1,0,10,3,8700,NA
2019,1,12,3,0,2,0,NA,NA
2019,1,40,3,1,7,2,2400,NA
2019,1,51,1,0,8,3,89000,NA
2019,1,46,2,0,5,3,1200,NA
2019,1,18,1,1,6,1,3000,NA
2019,2,62,2,0,0,3,720,NA
2019,2,49,1,0,10,3,22700,NA
2019,2,33,1,0,6,3,1600,NA
2019,1,19,3,0,6,3,0,NA
2019,1,32,2,0,5,3,40700,NA
2019,1,61,1,0,7,3,9000,NA
2019,1,19,1,0,7,1,3100,NA
2019,1,18,1,0,7,3,8000,NA
2019,2,20,3,0,6,3,0,NA
2019,1,20,1,0,7,3,5500,NA
2019,2,61,1,0,6,3,410,NA
2019,2,63,3,0,4,3,10800,NA
2019,2,87,1,0,7,3,23300,NA
2019,2,24,2,0,6,2,9000,NA
2019,2,95,1,0,6,3,0,NA
2019,1,19,1,0,6,3,5000,NA
2019,2,14,3,0,2,0,NA,NA
2019,2,18,1,0,7,1,3000,NA
2019,1,44,3,0,6,3,1200,NA
2019,2,42,1,0,6,3,8800,NA
2019,1,20,1,0,7,2,4600,NA
2019,2,19,3,0,6,1,2000,NA
2019,2,18,1,0,6,3,1600,NA
2019,2,19,1,0,6,3,3700,NA
2019,2,30,3,0,6,3,1200,NA
2019,2,18,1,0,6,1,3000,NA
2019,1,2,3,0,0,0,NA,NA
2019,1,30,1,0,10,3,0,NA
2019,1,17,1,0,6,3,6800,NA
2019,2,18,1,0,6,3,2000,NA
2019,1,58,2,0,6,1,18000,NA
2019,1,58,1,0,5,3,15000,NA
2019,1,19,1,0,7,3,1800,NA
2019,1,20,1,0,7,2,4600,NA
2019,1,37,2,0,6,2,290,NA
2019,1,62,2,0,6,3,11400,NA
2019,1,63,1,0,6,3,420,NA
2019,2,19,1,0,6,2,5500,NA
2019,1,52,3,0,6,2,1200,NA
2019,1,22,1,0,7,1,3500,NA
2019,2,19,3,0,6,1,3000,NA
2019,1,0,2,0,0,0,NA,NA
2019,2,0,1,0,0,0,NA,NA
2019,1,61,1,0,2,1,4000,NA
2019,2,19,1,0,6,3,900,NA
2019,2,15,1,0,3,0,9300,NA
2019,2,72,1,0,10,3,13000,NA
2019,2,10,3,0,1,0,NA,NA
2019,2,30,1,4,5,3,5400,NA
2019,1,17,1,0,6,3,6800,NA
2019,1,38,1,0,7,3,310,NA
2019,2,18,1,0,6,1,3000,NA
2019,1,53,1,0,6,3,1200,NA
2019,1,58,1,0,6,1,2500,NA
2019,2,83,1,0,6,3,12700,NA
2019,1,66,1,0,11,1,67000,NA
2019,1,57,2,0,4,3,2400,NA
2019,1,18,1,1,6,1,3000,NA
2019,1,13,1,0,2,0,NA,NA
2019,1,19,3,0,6,3,15200,NA
2019,2,95,1,0,7,3,23000,NA
2019,2,19,3,0,6,1,9000,NA
2019,2,26,1,1,10,3,3000,NA
2019,1,69,1,0,7,3,15600,NA
2019,1,37,2,0,6,2,290,NA
2019,1,40,2,0,4,3,0,NA
2019,1,62,2,0,6,3,11400,NA
2019,2,19,1,0,6,1,10500,NA
2019,2,19,1,0,6,3,900,NA
2019,1,24,3,0,6,3,9990,NA
2019,1,65,1,0,10,3,12000,NA
2019,1,36,1,0,7,3,620,NA
2019,1,43,3,0,8,3,1970,NA
2019,1,74,1,0,8,3,12000,NA
2019,1,20,1,0,7,1,15000,NA
2019,1,28,2,0,6,3,1100,NA
2019,2,95,1,0,10,3,48000,NA
2019,2,53,1,0,6,3,16400,NA
2019,1,18,1,0,6,3,1500,NA
2019,1,43,3,0,8,3,1970,NA
2019,1,19,3,0,6,1,3400,NA
2019,2,19,3,0,6,3,1000,NA
2019,2,18,1,0,6,3,2000,NA
2019,1,20,1,4,7,3,0,NA
2019,2,22,2,0,7,1,8500,NA
2019,1,58,2,0,6,1,18000,NA
2019,2,21,1,3,5,3,900,NA
2019,1,28,2,0,6,3,1100,NA
2019,1,2,3,0,0,0,NA,NA
2019,1,39,1,0,10,2,1400,NA
2019,1,72,1,0,10,3,15200,NA
2019,2,19,3,0,6,1,3000,NA
2019,1,89,1,0,11,3,0,NA
2019,1,19,1,0,7,1,6000,NA
2019,2,18,1,0,6,1,3300,NA
2019,2,18,1,0,6,3,3200,NA
2019,2,55,1,0,6,3,8800,NA
2019,1,57,2,0,7,3,18000,NA
2019,1,18,3,0,6,3,0,NA
2019,2,19,3,0,6,1,9000,NA
2019,2,20,1,0,7,2,3000,NA
2019,1,25,1,0,7,3,8300,NA
2019,2,19,1,0,7,2,500,NA
2019,2,0,2,0,0,0,NA,NA
2019,2,17,3,0,6,3,0,NA
2019,1,33,1,0,6,2,1200,NA
2019,2,73,1,0,8,3,30030,NA
2019,1,32,2,0,5,3,40700,NA
2019,1,61,1,0,2,1,4000,NA
2019,1,32,1,0,5,3,310,NA
2019,1,40,1,0,5,2,2400,NA
2019,1,67,1,0,7,3,18600,NA
2019,1,89,1,0,11,3,0,NA
2019,1,20,1,0,7,1,8000,NA
2019,2,19,1,0,6,3,450,NA
2019,1,32,1,0,5,3,310,NA
2019,2,19,1,0,6,3,0,NA
2019,2,40,1,0,5,2,7500,NA
2019,1,84,1,0,10,3,15200,NA
2019,1,20,1,4,7,3,0,NA
2019,2,20,2,0,6,1,3000,NA
2019,2,19,1,0,6,1,10500,NA
2019,1,0,2,0,0,0,NA,NA
2019,1,3,3,1,0,0,NA,NA
2019,1,51,2,4,6,1,14000,NA
2019,2,50,3,0,6,3,1200,NA
2019,1,18,1,0,6,3,1000,NA
2019,2,48,2,0,6,3,16400,NA
2019,1,18,1,0,6,1,4300,NA
2019,1,53,3,0,10,2,1200,NA
2019,2,10,3,0,1,0,NA,NA
2019,1,34,2,0,7,3,5160,NA
2019,2,18,1,0,6,3,4000,NA
2019,1,18,1,0,6,3,2000,NA
2019,2,66,1,0,7,3,53400,NA
2019,1,18,1,0,6,3,3000,NA
2019,1,57,2,0,4,3,2400,NA
2019,2,4,2,0,0,0,NA,NA
2019,2,18,1,0,6,1,1600,NA
2019,2,18,1,0,6,3,0,NA
2019,2,18,1,0,7,3,1000,NA
2019,1,19,1,0,6,3,2400,NA
2019,1,18,3,0,6,3,0,NA
2019,2,18,1,0,6,1,6300,NA
2019,1,15,2,0,2,0,9300,NA
2019,1,37,2,0,7,3,880,NA
2019,1,12,2,0,2,0,NA,NA
2019,1,43,3,0,8,3,1970,NA
2019,2,52,1,0,4,3,10600,NA
2019,1,19,3,0,6,3,4800,NA
2019,1,18,1,0,6,3,1600,NA
2019,2,30,3,0,6,3,1200,NA
2019,1,33,1,0,6,2,1200,NA
2019,1,19,3,0,6,3,0,NA
2019,1,51,2,4,6,1,14000,NA
2019,1,18,1,0,6,3,4600,NA
2019,1,23,2,0,3,3,23400,NA
2019,2,30,1,0,10,3,2400,NA
2019,2,10,2,0,1,0,NA,NA
2019,1,18,1,0,6,2,4100,NA
2019,2,18,1,0,6,1,3700,NA
2019,2,17,3,0,4,3,0,NA
2019,1,31,1,0,10,3,14000,NA
2019,1,35,2,0,8,2,9000,NA
2019,1,45,1,0,7,3,2900,NA
2019,1,18,3,1,7,1,500,NA
2019,1,20,1,0,7,1,3000,NA
2019,2,18,1,0,6,1,1600,NA
2019,2,20,1,2,6,3,0,NA
2019,1,18,1,0,6,3,0,NA
2019,2,24,2,0,6,2,9000,NA
2019,2,19,3,0,6,1,9000,NA
2019,1,3,2,0,1,0,NA,NA
2019,1,21,1,0,7,3,15000,NA
2019,1,25,1,0,7,3,920,NA
2019,1,0,1,0,0,0,NA,NA
2019,1,66,1,0,11,1,67000,NA
2019,2,56,1,0,7,3,10200,NA
2019,1,32,1,0,5,3,310,NA
2019,2,53,1,0,6,3,16400,NA
2019,1,18,1,0,6,3,3300,NA
2019,1,21,1,0,7,1,6000,NA
2019,2,15,1,0,3,0,9300,NA
2019,1,27,1,0,6,3,5160,NA
2019,1,28,1,0,6,3,10600,NA
2019,1,11,3,0,2,0,NA,NA
2019,1,34,3,0,6,3,2400,NA
2019,1,20,1,0,7,2,5300,NA
2019,1,40,3,4,6,2,9000,NA
2019,1,78,1,0,6,3,38000,NA
2019,2,20,1,0,7,1,3000,NA
2019,2,80,1,0,4,3,49900,NA
2019,2,52,3,0,8,3,1200,NA
2019,1,32,1,0,5,3,310,NA
2019,2,95,1,0,6,3,0,NA
2019,2,19,1,0,6,3,4000,NA
2019,1,57,2,0,4,3,2400,NA
2019,1,19,1,0,6,3,3900,NA
2019,1,3,3,1,0,0,NA,NA
2019,2,74,3,1,6,1,82300,82300
2019,2,50,1,0,10,1,64800,64800
2019,1,41,1,0,7,1,19000,64800
2019,1,33,3,0,7,1,18000,18000
2019,1,36,1,0,11,1,52550,262590
2019,2,37,1,0,11,1,210040,262590
2019,2,5,1,0,1,0,NA,262590
2019,2,3,1,0,1,0,NA,262590
2019,2,1,1,0,0,0,NA,262590
2019,2,22,3,0,10,1,20000,20000
2019,1,25,3,0,10,1,75000,20000
2019,1,33,1,0,10,1,182000,232000
2019,2,33,1,3,11,1,50000,232000
2019,2,2,1,3,0,0,NA,232000
2019,2,0,1,3,0,0,NA,232000
2019,1,37,1,0,7,1,45000,45000
2019,1,34,1,0,10,1,40000,40000
2019,1,70,1,0,7,3,17500,17500
2019,2,30,3,0,10,1,65000,65000
2019,1,32,1,0,11,1,48000,65000
2019,1,66,1,0,10,3,19500,19500
2019,2,66,1,0,10,3,0,19500
2019,2,59,1,0,11,2,53000,53000
2019,2,32,1,0,10,1,69000,77600
2019,1,60,1,0,10,1,8600,77600
2019,1,50,1,0,11,1,154000,234800
2019,2,50,1,0,11,1,73800,234800
2019,1,16,1,0,5,1,7000,234800
2019,2,14,1,0,3,0,NA,234800
2019,1,51,1,0,11,1,42400,43400
2019,2,55,1,0,10,2,1000,43400
2019,1,15,1,0,2,0,0,43400
2019,1,50,1,0,10,1,90000,221900
2019,2,45,1,0,10,1,130200,221900
2019,2,16,1,0,4,1,1700,221900
2019,1,7,1,0,1,0,NA,221900
2019,2,57,1,0,10,1,82000,82000
2019,1,25,1,0,10,1,98000,98000
2019,2,24,1,0,10,1,46000,98000
2019,2,75,1,0,8,3,34800,34800
2019,2,38,1,0,11,1,24600,24600
2019,2,28,1,0,8,3,0,0
2019,2,65,1,0,11,3,7600,94600
2019,1,63,1,0,11,1,87000,94600
2019,1,58,1,0,8,1,22000,22000
2019,1,38,1,0,6,1,15000,15000
2019,2,64,2,0,6,1,83700,83700
2019,1,66,2,0,6,3,8000,83700
2019,1,70,1,0,10,3,22500,22500
2019,2,59,1,0,11,1,68040,117860
2019,1,62,1,0,7,1,49820,117860
2019,1,53,1,0,6,1,18900,18900
2019,2,56,1,0,8,1,67700,67700
2019,1,33,1,0,10,1,67000,221000
2019,2,31,3,0,11,1,154000,221000
2019,2,0,3,0,0,0,NA,221000
2019,1,54,1,0,11,1,2e+05,376500
2019,2,52,1,0,11,1,165000,376500
2019,2,20,1,0,7,1,11500,376500
2019,2,25,1,0,8,3,11700,11700
2019,2,75,1,0,11,3,126400,348280
2019,1,74,1,0,11,3,221880,348280
2019,1,70,2,0,3,3,9760,9760
2019,2,71,1,0,10,3,80900,92400
2019,1,90,1,1,10,3,11500,92400
2019,1,48,1,1,10,3,0,92400
2019,2,46,1,1,6,3,0,92400
2019,2,95,1,0,6,3,29000,29000
2019,2,42,3,0,0,1,25000,33800
2019,1,44,3,0,6,3,0,33800
2019,2,21,3,0,7,1,4400,33800
2019,1,20,3,0,6,1,4400,33800
2019,2,16,3,0,5,3,0,33800
2019,1,15,3,0,3,0,0,33800
2019,2,14,3,0,2,0,NA,33800
2019,1,12,3,0,2,0,NA,33800
2019,2,6,3,0,1,0,NA,33800
2019,1,3,3,0,0,0,NA,33800
2019,2,31,1,0,11,1,30000,210000
2019,1,31,1,0,11,1,180000,210000
2019,1,0,1,0,0,0,NA,210000
2019,2,28,1,0,7,1,10000,10000
2019,2,67,1,0,11,1,126020,126020
2019,1,69,1,0,6,3,27040,126020
2019,1,31,1,0,11,1,64500,64500
2019,2,24,1,0,6,2,6900,6900
2019,1,24,2,0,11,1,1200,6900
2019,1,5,3,0,1,0,NA,6900
2019,2,4,3,0,0,0,NA,6900
2019,2,53,2,0,8,1,16800,16800
2019,1,39,2,0,8,1,7000,11000
2019,2,31,2,0,0,1,4000,11000
2019,2,18,2,0,7,3,0,11000
2019,1,12,2,0,2,0,NA,11000
2019,2,9,2,0,1,0,NA,11000
2019,2,8,2,0,1,0,NA,11000
2019,2,4,2,0,1,0,NA,11000
2019,2,2,2,0,0,0,NA,11000
2019,1,71,1,0,6,1,68200,76600
2019,2,69,1,0,6,3,8400,76600
2019,2,21,3,0,7,1,32000,32000
2019,1,20,1,0,6,1,20000,20000
2019,2,54,1,0,6,1,40400,80400
2019,1,57,1,0,6,1,40000,80400
2019,1,60,1,0,10,3,16000,19500
2019,1,21,1,0,6,1,3500,19500
2019,1,20,3,0,8,3,1000,1000
2019,1,47,1,0,10,1,72000,72000
2019,2,50,1,0,6,1,50000,50000
2019,2,73,3,0,6,3,20500,81500
2019,1,37,3,0,10,1,61000,81500
2019,2,39,1,0,11,1,171000,396000
2019,1,43,1,0,10,1,225000,396000
2019,1,8,1,0,1,0,NA,396000
2019,1,5,1,0,0,0,NA,396000
2019,2,2,1,0,0,0,NA,396000
2019,1,35,1,0,10,1,90000,182000
2019,2,33,1,0,10,1,92000,182000
2019,1,0,1,0,0,0,NA,182000
2019,2,23,1,0,10,1,43000,43000
2019,2,23,1,0,10,1,24000,24000
2019,2,23,1,0,10,1,57000,57000
2019,1,22,1,0,10,1,31500,31500
2019,1,54,1,0,7,1,67400,67400
2019,1,43,1,0,10,1,46000,67400
2019,1,42,1,0,8,1,19600,19600
2019,2,40,1,0,10,1,39000,39000
2019,1,80,1,0,11,3,11800,11800
2019,2,22,3,0,10,1,35000,35000
2019,1,23,1,1,10,1,82000,35000
2019,2,40,1,0,11,1,65000,120000
2019,1,35,1,0,10,1,55000,120000
2019,2,3,1,0,0,0,NA,120000
2019,1,1,1,0,0,0,NA,120000
2019,2,42,2,0,1,1,22500,41000
2019,2,19,2,0,7,1,6700,41000
2019,2,17,2,0,5,1,10000,41000
2019,2,15,2,0,2,0,1800,41000
2019,1,13,2,0,2,0,NA,41000
2019,2,69,1,0,7,3,20800,20800
2019,2,34,2,0,8,1,23000,23000
2019,1,5,2,0,1,0,NA,23000
2019,2,3,2,0,1,0,NA,23000
2019,1,53,1,0,10,1,95000,95000
2019,1,76,1,0,11,3,50000,62000
2019,2,75,1,0,11,3,12000,62000
2019,2,39,1,0,10,1,62700,129700
2019,2,40,1,0,10,1,67000,129700
2019,2,30,3,0,11,1,28100,28100
2019,1,64,2,0,6,3,13700,14800
2019,2,58,3,0,1,3,1100,14800
2019,2,60,1,0,8,3,0,9400
2019,2,26,1,0,7,3,9400,9400
2019,2,56,1,0,10,1,108000,108000
2019,1,27,1,0,10,1,50000,81500
2019,2,26,1,0,10,1,31500,81500
2019,2,35,1,0,11,1,60500,196000
2019,1,36,3,0,10,1,135500,196000
2019,2,5,3,0,1,0,NA,196000
2019,2,2,3,0,0,0,NA,196000
2019,2,81,1,0,11,3,24500,24500
2019,1,31,1,0,11,1,27000,27000
2019,2,25,1,0,10,1,52000,27000
2019,1,23,3,0,10,1,30000,68400
2019,1,21,3,0,6,3,1000,68400
2019,2,7,3,0,1,0,NA,68400
2019,1,50,3,0,6,1,29000,68400
2019,2,44,3,0,6,3,8400,68400
2019,2,55,1,0,11,1,76000,76000
2019,2,61,1,0,11,1,174000,196500
2019,2,63,1,0,10,3,22500,196500
2019,1,20,1,0,6,1,10000,10000
2019,1,20,3,0,7,1,1000,1000
2019,1,19,3,0,7,1,1500,1500
2019,1,19,3,0,7,1,10000,10000
2019,1,72,2,0,6,3,30090,61790
2019,2,58,2,0,6,1,31700,61790
2019,2,29,1,0,10,1,36000,36000
2019,1,29,1,0,6,1,49000,36000
2019,1,62,1,0,10,3,434000,434000
2019,1,39,1,0,10,1,60000,170000
2019,2,33,1,0,11,1,110000,170000
2019,1,62,1,0,10,1,53000,53000
2019,2,21,1,0,7,1,13700,13700
2019,1,24,1,0,10,1,72500,72500
2019,1,23,1,0,10,1,80000,80000
2019,1,66,1,0,11,1,78500,78500
2019,1,54,1,0,10,3,9800,9800
2019,2,95,1,0,6,3,36000,38200
2019,1,64,1,0,6,3,2200,38200
2019,2,24,1,0,6,1,30000,30000
2019,1,26,1,1,7,1,24000,24000
2019,2,75,1,0,6,3,18300,18300
2019,1,20,1,0,7,1,5200,5200
2019,1,20,1,0,7,1,5000,5000
2019,1,20,1,1,7,1,20000,20000
2019,1,19,1,0,7,3,4700,4700
2019,2,27,2,0,6,1,14100,14100
2019,1,60,1,0,10,1,45000,45000
2019,1,43,1,0,10,2,80000,180000
2019,2,37,1,0,10,1,1e+05,180000
2019,1,57,1,4,0,1,126900,126900
2019,2,33,1,0,11,2,65300,65300
2019,1,36,1,0,11,1,177000,65300
2019,1,26,1,0,11,1,48000,48000
2019,1,27,1,0,7,1,40000,40000
2019,1,37,1,4,11,1,210500,210500
2019,2,22,1,0,10,1,12200,12200
2019,2,22,1,0,10,1,7090,7090
2019,1,45,1,0,10,1,160000,238000
2019,2,47,1,0,10,1,78000,238000
2019,1,12,1,0,2,0,NA,238000
2019,1,9,1,0,1,0,NA,238000
2019,2,56,1,0,11,1,195000,195000
2019,1,26,1,1,10,1,70000,70000
2019,2,66,1,0,11,1,103900,103900
2019,2,51,1,0,10,1,42000,42000
2019,1,34,3,0,10,1,102100,147100
2019,2,29,3,0,11,1,45000,147100
2019,1,31,1,0,10,1,107500,165500
2019,2,31,1,0,11,1,58000,165500
2019,1,32,1,0,11,1,48190,48190
2019,2,33,1,0,10,1,90000,48190
2019,1,42,1,0,7,1,20000,111000
2019,2,41,1,0,11,1,91000,111000
2019,2,40,3,0,10,1,48000,78000
2019,1,41,1,0,0,1,30000,78000
2019,2,15,3,0,3,0,0,78000
2019,2,13,3,0,2,0,NA,78000
2019,1,11,3,0,2,0,NA,78000
2019,1,53,1,0,7,3,14500,175500
2019,2,55,1,0,10,1,161000,175500
2019,2,95,1,0,6,3,57500,132900
2019,1,95,1,0,6,3,75400,132900
2019,2,61,1,0,8,1,73000,147400
2019,1,59,1,0,8,1,61400,147400
2019,2,24,1,0,11,1,13000,147400
2019,1,33,1,0,11,1,28000,119000
2019,2,34,1,0,11,1,91000,119000
2019,1,2,1,0,0,0,NA,119000
2019,1,27,1,0,10,1,86500,86500
2019,1,40,1,0,8,1,170000,318500
2019,2,39,1,0,11,1,148500,318500
2019,2,8,1,0,1,0,NA,318500
2019,1,6,1,0,1,0,NA,318500
2019,1,1,1,0,0,0,NA,318500
2019,2,85,1,0,7,3,48500,48500
2019,1,53,1,0,10,1,90000,112000
2019,2,53,1,0,10,1,22000,112000
2019,1,38,3,0,10,1,27600,84800
2019,1,41,3,0,6,1,48000,84800
2019,2,68,3,0,11,3,9200,84800
2019,1,33,1,0,6,1,27500,67500
2019,2,31,1,0,7,1,40000,67500
2019,1,57,1,0,10,1,108050,127050
2019,1,26,1,0,7,1,19000,127050
2019,1,35,2,0,6,1,62000,77300
2019,2,33,2,0,8,1,15300,77300
2019,1,2,2,0,0,0,NA,77300
2019,1,35,2,0,0,1,65000,65000
2019,1,68,1,0,6,3,22300,22300
2019,2,42,1,0,6,1,60000,90000
2019,1,49,3,0,8,1,30000,90000
2019,2,6,3,0,1,0,NA,90000
2019,1,43,3,0,6,1,75000,101600
2019,2,39,3,4,6,1,26600,101600
2019,2,17,3,4,5,3,0,101600
2019,1,12,3,4,2,0,NA,101600
2019,1,71,1,0,6,1,16600,16600
2019,1,73,1,0,11,1,97500,169890
2019,2,69,1,0,11,1,72390,169890
2019,2,95,3,3,0,3,28400,52400
2019,2,95,3,3,8,3,24000,52400
2019,2,95,3,0,6,3,0,0
2019,2,95,3,2,6,3,24000,24000
2019,1,70,1,0,7,1,26200,26200
2019,2,77,1,0,11,3,5700,15700
2019,1,71,3,0,7,3,10000,15700
2019,2,28,1,0,10,1,40000,40000
2019,2,45,1,0,7,1,67000,67000
2019,2,15,1,0,3,0,0,67000
2019,1,12,1,0,2,0,NA,67000
2019,2,28,1,0,10,1,20000,53600
2019,1,27,1,0,7,1,33600,53600
2019,1,59,1,0,6,1,70500,94000
2019,2,53,1,0,8,1,23500,94000
2019,2,64,1,0,8,1,48400,48400
2019,1,23,2,0,10,3,0,5000
2019,2,7,2,0,1,0,NA,5000
2019,2,3,2,0,1,0,NA,5000
2019,2,2,2,0,0,0,NA,5000
2019,2,46,2,0,6,3,5000,5000
2019,2,29,1,0,7,1,53600,103600
2019,1,27,1,0,8,1,50000,103600
2019,2,7,1,0,1,0,NA,103600
2019,2,2,1,0,0,0,NA,103600
2019,1,31,1,0,7,1,17800,17800
2019,1,35,3,4,6,1,24000,24000
2019,2,41,3,4,6,3,6200,24000
2019,1,14,3,4,2,0,NA,24000
2019,1,2,3,4,0,0,NA,24000
2019,1,54,3,4,0,1,32000,24000
2019,2,50,1,0,10,1,44600,84400
2019,1,69,1,0,10,1,39800,84400
2019,1,66,1,0,6,1,94600,104200
2019,2,66,1,0,7,3,9600,104200
2019,2,88,1,0,6,3,85000,85000
2019,2,47,1,0,7,1,60000,60000
2019,2,13,1,0,2,0,NA,60000
2019,1,10,1,0,1,0,NA,60000
2019,2,6,1,0,1,0,NA,60000
2019,2,52,3,0,11,1,57700,57700
2019,2,64,1,0,8,3,17900,43100
2019,1,71,1,0,6,3,25200,43100
2019,1,43,1,0,11,1,160000,260000
2019,2,41,1,0,11,1,1e+05,260000
2019,2,9,1,0,1,0,NA,260000
2019,2,6,1,0,1,0,NA,260000
2019,2,23,3,0,11,1,15400,60400
2019,1,23,1,0,6,1,45000,60400
2019,1,25,3,0,11,1,87000,87000
2019,1,64,1,0,10,1,9200,70200
2019,2,62,1,0,10,1,61000,70200
2019,1,53,1,0,6,1,80000,130000
2019,2,53,1,0,8,1,50000,130000
2019,1,77,1,0,10,3,25800,25800
2019,2,69,1,0,10,1,50600,50600
2019,2,74,1,0,10,3,30200,212200
2019,1,79,1,0,6,1,182000,212200
2019,2,56,2,0,2,3,8700,36900
2019,2,39,2,0,6,1,21700,36900
2019,2,36,2,0,6,2,0,36900
2019,2,15,2,0,3,0,0,36900
2019,2,9,2,0,1,0,NA,36900
2019,1,1,2,0,0,0,NA,36900
2019,1,19,2,0,6,3,6500,36900
2019,2,42,1,0,10,3,3000,93000
2019,1,43,1,0,10,1,90000,93000
2019,1,3,3,0,0,0,NA,93000
2019,1,42,1,0,7,3,8000,8000
2019,2,88,1,0,6,3,29700,29700
2019,1,23,3,0,10,1,24000,36000
2019,2,23,3,0,7,1,12000,36000
2019,1,27,1,0,10,1,58000,58000
2019,1,26,1,0,8,1,19000,19000
2019,2,23,1,0,10,1,88000,88000
2019,1,23,1,0,10,1,74000,88000
2019,1,39,1,0,11,1,65000,113000
2019,2,37,1,0,11,1,48000,113000
2019,2,10,1,0,1,0,NA,113000
2019,2,6,3,0,1,0,NA,113000
2019,1,47,1,0,11,1,87000,337000
2019,2,50,1,0,11,1,250000,337000
2019,1,15,1,0,3,0,0,337000
2019,1,12,1,0,2,0,NA,337000
2019,1,11,1,0,1,0,NA,337000
2019,2,89,1,0,10,3,7500,44000
2019,1,90,1,0,10,3,36500,44000
2019,1,55,1,0,11,1,189000,189000
2019,2,50,3,0,10,3,0,189000
2019,2,11,3,0,2,0,NA,189000
2019,1,7,3,0,1,0,NA,189000
2019,1,23,1,0,10,1,60000,60000
2019,1,57,1,0,6,1,65000,105000
2019,2,49,1,0,8,1,40000,105000
2019,1,49,1,0,10,1,125000,125000
2019,2,42,1,0,6,3,0,125000
2019,1,3,1,0,0,0,NA,125000
2019,1,66,1,0,7,3,31400,31400
2019,2,23,1,0,10,1,58000,58000
2019,2,60,1,0,8,3,50700,87700
2019,1,65,1,0,11,3,37000,87700
2019,2,48,1,0,10,1,60900,217500
2019,1,48,1,0,11,1,156600,217500
2019,1,0,1,0,0,0,NA,217500
2019,2,0,1,0,0,0,NA,217500
2019,2,33,1,0,11,1,58100,58100
2019,1,32,1,0,11,1,65000,58100
2019,1,64,1,0,11,1,74000,230000
2019,2,58,1,0,11,1,156000,230000
2019,2,51,1,0,7,1,12000,66000
2019,1,58,1,0,8,1,39000,66000
2019,1,27,1,0,8,1,15000,66000
2019,1,26,1,0,10,1,53000,103000
2019,2,26,1,0,10,1,50000,103000
2019,1,48,1,0,6,1,50000,50000
2019,2,49,1,0,10,1,56000,50000
2019,1,24,3,0,10,1,56000,56000
2019,2,24,1,0,10,1,30000,56000
2019,1,27,1,0,11,1,71500,71500
2019,1,27,1,0,10,1,85010,85010
2019,2,27,1,0,10,1,7600,7600
2019,2,46,1,0,6,1,85000,85000
2019,1,7,1,0,1,0,NA,85000
2019,2,88,1,0,7,3,49500,79500
2019,1,53,1,0,6,1,30000,79500
2019,1,68,2,0,2,3,11000,11000
2019,1,52,1,0,10,1,198000,373000
2019,2,50,3,0,11,1,175000,373000
2019,1,21,1,0,7,1,10000,10000
2019,2,20,1,0,7,1,11000,10000
2019,1,31,1,0,11,1,154040,154040
2019,2,73,2,0,7,3,26700,26700
2019,2,26,1,0,10,1,76000,76000
2019,1,39,2,0,7,1,30000,30000
2019,2,12,2,0,2,0,NA,30000
2019,1,9,2,0,1,0,NA,30000
2019,2,48,2,0,6,3,54190,54190
2019,1,28,1,0,10,1,85000,85000
2019,2,31,1,0,10,1,42500,42500
2019,2,61,1,0,11,1,4300,110300
2019,1,66,1,0,11,1,106000,110300
2019,2,34,1,0,10,1,71000,71000
2019,2,39,1,0,11,1,1e+05,1e+05
2019,2,91,1,0,1,3,32100,42080
2019,1,60,3,0,6,3,9980,42080
2019,2,28,1,0,11,1,75280,127280
2019,1,29,1,0,10,1,52000,127280
2019,1,71,2,0,6,3,0,20000
2019,2,22,2,0,7,1,20000,20000
2019,1,34,1,0,11,1,2e+05,2e+05
2019,2,28,1,0,10,1,65600,65600
2019,2,33,1,0,11,1,70000,70000
2019,1,53,1,0,10,1,95060,95060
2019,2,40,1,0,7,1,30000,70000
2019,1,46,2,0,6,1,40000,70000
2019,2,9,3,0,1,0,NA,70000
2019,2,37,3,0,5,1,25000,60160
2019,1,39,3,0,5,1,35000,60160
2019,2,17,3,0,5,2,0,60160
2019,2,16,3,0,4,1,160,60160
2019,2,9,3,0,1,0,NA,60160
2019,1,7,3,0,1,0,NA,60160
2019,2,51,1,0,11,1,221200,221200
2019,1,63,1,0,10,3,52380,442380
2019,2,54,1,0,11,1,343000,442380
2019,1,63,1,0,6,1,47000,442380
2019,1,53,1,0,10,3,52400,93400
2019,2,48,1,0,10,1,41000,93400
2019,2,13,1,0,2,0,NA,93400
2019,1,68,1,0,11,1,55000,120000
2019,2,69,1,0,6,1,65000,120000
2019,2,64,1,0,6,1,85000,85000
2019,2,75,3,0,6,1,38000,38000
2019,1,27,3,0,10,1,58100,58100
2019,1,37,3,4,10,1,84000,84000
2019,1,84,1,1,0,3,35500,52100
2019,2,74,1,0,6,3,16600,52100
2019,1,53,1,0,6,3,0,52100
2019,1,32,1,0,11,1,105000,165000
2019,2,31,1,0,11,1,60000,165000
2019,2,58,1,0,7,1,70000,70000
2019,2,29,3,0,10,1,21800,21800
2019,1,28,1,0,10,1,24000,21800
2019,2,34,1,0,11,1,230000,266000
2019,1,36,1,0,11,1,36000,266000
2019,1,4,1,0,1,0,NA,266000
2019,1,2,1,0,0,0,NA,266000
2019,2,30,1,0,10,1,45000,45000
2019,1,43,1,0,7,1,90000,90000
2019,1,32,1,0,10,1,6000,121000
2019,2,31,1,0,11,1,115000,121000
2019,2,26,1,0,6,1,44200,44200
2019,1,5,3,0,1,0,NA,44200
2019,1,35,1,0,7,1,10000,10000
2019,2,71,1,0,10,1,36100,36100
2019,2,40,2,0,7,1,50000,75000
2019,2,23,2,0,7,1,25000,75000
2019,2,18,2,0,5,3,0,75000
2019,2,0,2,0,0,0,NA,75000
2019,2,7,2,0,1,0,NA,75000
2019,2,78,1,0,6,3,13800,58600
2019,1,30,2,1,6,1,4800,58600
2019,2,29,3,0,11,1,40000,58600
2019,2,69,1,0,10,3,127900,127900
2019,2,55,1,0,11,1,80000,80000
2019,1,21,1,0,7,1,13700,13700
2019,1,21,1,0,7,1,3600,3600
2019,1,21,3,0,7,1,3400,3400
2019,1,21,1,0,7,1,3600,3600
2019,1,21,1,0,6,1,24000,24000
2019,1,21,1,0,6,1,38000,38000
2019,1,21,1,0,6,1,20000,20000
2019,1,21,3,0,7,1,14000,14000
2019,1,21,1,0,7,1,13000,13000
2019,1,21,1,0,7,1,150,150
2019,1,78,2,0,10,3,19500,19500
2019,2,59,2,0,6,3,0,0
2019,2,42,1,0,10,3,0,1e+05
2019,1,44,1,0,11,1,1e+05,1e+05
2019,1,6,1,0,1,0,NA,1e+05
2019,2,2,1,0,0,0,NA,1e+05
2019,2,46,1,0,10,1,70000,140000
2019,1,48,1,0,7,1,70000,140000
2019,2,7,1,0,1,0,NA,140000
2019,2,21,1,0,7,1,2900,2900
2019,2,59,1,0,11,1,476000,476000
2019,2,22,1,0,7,3,0,476000
2019,2,38,1,0,11,1,55000,108000
2019,1,40,1,0,10,1,53000,108000
2019,1,54,2,0,10,1,96000,96000
2019,1,50,3,0,7,1,27000,27000
2019,1,35,1,0,10,1,140000,150000
2019,2,36,1,0,10,1,10000,150000
2019,1,3,1,0,0,0,NA,150000
2019,1,0,1,0,0,0,NA,150000
2019,1,37,1,0,7,1,59000,59000
2019,1,31,1,0,7,1,50000,50000
2019,2,29,2,0,7,1,40000,40000
2019,2,64,1,0,6,3,14400,14400
2019,1,27,1,0,10,1,474700,474700
2019,1,60,1,0,10,1,99000,99550
2019,2,54,1,0,10,3,550,99550
2019,1,14,1,0,2,0,NA,99550
2019,1,76,1,0,10,3,309200,309200
2019,1,36,1,0,11,1,28000,28000
2019,2,28,1,0,10,1,40000,40000
2019,1,27,2,1,10,2,0,0
2019,1,33,1,0,10,1,102000,204000
2019,2,30,1,0,10,2,102000,204000
2019,1,1,1,0,0,0,NA,204000
2019,2,0,1,0,0,0,NA,204000
2019,1,60,1,0,7,3,20100,20100
2019,2,48,1,0,10,1,46300,110300
2019,1,48,1,0,10,1,64000,110300
2019,2,25,2,0,6,1,17200,17200
2019,2,7,2,0,1,0,NA,17200
2019,1,5,2,0,1,0,NA,17200
2019,2,56,1,0,6,1,15000,15000
2019,1,24,3,1,6,1,33000,36200
2019,2,24,3,4,6,3,3200,36200
2019,1,66,1,0,10,3,34200,78500
2019,2,58,1,0,7,1,44300,78500
2019,1,25,1,0,6,1,12000,12000
2019,2,25,1,0,6,1,22000,12000
2019,2,22,1,0,6,1,60000,60000
2019,2,66,1,0,11,1,37000,43100
2019,1,67,2,0,10,1,6100,43100
2019,1,40,2,0,6,1,23000,23000
2019,1,25,1,0,10,1,57200,57200
2019,2,22,1,0,7,1,10900,10900
2019,1,29,1,0,10,1,75000,75000
2019,1,29,1,0,7,1,15500,15500
2019,2,27,1,0,8,1,20000,20000
2019,2,20,1,0,6,1,20000,20000
2019,1,70,1,0,11,3,123000,174100
2019,2,68,1,0,10,3,51100,174100
2019,2,68,1,0,11,3,52460,52460
2019,2,59,1,0,6,1,50000,63000
2019,1,30,1,0,7,3,13000,63000
2019,2,69,1,0,11,3,62800,62800
2019,1,73,1,0,10,3,33000,62800
2019,2,32,1,0,10,1,85000,85000
2019,1,33,1,0,11,1,61000,85000
2019,2,30,1,0,11,1,261050,351050
2019,1,30,1,0,11,1,90000,351050
2019,2,51,1,0,10,1,185000,185000
2019,1,26,1,0,10,1,96000,96000
2019,2,26,1,0,11,1,89000,96000
2019,1,26,1,0,6,1,35000,35000
2019,2,33,1,0,11,1,64000,104000
2019,2,26,1,0,10,1,40000,104000
2019,2,25,2,0,8,1,14000,14000
2019,1,26,2,0,6,1,10500,14000
2019,2,6,2,0,1,0,NA,14000
2019,1,78,2,0,7,3,15000,15000
2019,1,83,1,0,10,3,81200,98700
2019,2,83,1,0,6,3,17500,98700
2019,1,89,1,0,6,3,44100,56400
2019,2,86,1,0,6,3,12300,56400
2019,1,52,1,0,11,1,150000,150000
2019,2,33,1,0,10,3,0,0
2019,1,27,1,0,10,1,70000,70000
2019,2,27,1,0,7,1,10000,70000
2019,1,75,3,0,0,3,191200,191200
2019,1,69,1,0,10,3,23000,23000
2019,1,24,1,0,10,1,35000,35000
2019,1,23,1,0,10,1,28000,28000
2019,1,23,1,0,10,1,45000,45000
2019,2,72,1,0,10,3,21220,21220
2019,2,25,1,0,10,1,11700,11700
2019,1,41,1,0,10,1,135100,135100
2019,2,33,1,0,10,1,80660,80660
2019,1,33,1,0,10,1,28000,32000
2019,2,36,1,0,6,3,4000,32000
2019,2,2,1,0,0,0,NA,32000
2019,1,45,1,0,10,3,476000,521000
2019,2,44,1,0,10,1,45000,521000
2019,1,6,1,0,1,0,NA,521000
2019,2,5,1,0,0,0,NA,521000
2019,2,14,2,0,2,0,NA,521000
2019,1,37,2,0,0,3,10270,18770
2019,2,14,2,0,3,0,NA,18770
2019,1,2,2,0,0,0,NA,18770
2019,2,70,2,0,7,3,8500,18770
2019,1,31,1,0,11,1,33200,164200
2019,2,30,1,0,11,1,131000,164200
2019,1,1,1,0,0,0,NA,164200
2019,1,42,3,0,8,1,55000,71000
2019,2,37,3,0,6,3,13000,71000
2019,2,17,3,0,5,3,3000,71000
2019,2,14,3,0,2,0,NA,71000
2019,2,7,3,0,1,0,NA,71000
2019,1,0,3,0,0,0,NA,71000
2019,2,26,1,0,10,1,28000,28000
2019,1,23,1,0,6,1,33300,33300
2019,1,23,1,0,7,1,18000,18000
2019,2,68,1,0,10,3,16900,56900
2019,1,31,1,0,10,1,40000,56900
2019,1,56,1,0,6,1,98000,98000
2019,2,54,2,0,6,3,9080,9080
2019,1,39,1,0,10,1,82000,147000
2019,2,29,2,0,11,1,65000,147000
2019,1,49,1,0,11,1,476000,476000
2019,1,59,1,0,7,1,58200,58200
2019,1,35,1,0,10,1,8000,8000
2019,1,39,1,0,6,1,50000,50000
2019,1,39,1,0,10,1,52000,52000
2019,2,24,1,0,10,1,44000,84000
2019,1,28,1,0,10,1,40000,84000
2019,1,71,1,0,11,3,21600,21600
2019,2,28,2,0,7,1,33800,66050
2019,1,32,2,0,4,3,32250,66050
2019,2,8,2,0,1,0,NA,66050
2019,1,7,2,0,1,0,NA,66050
2019,2,5,2,0,1,0,NA,66050
2019,2,66,1,0,6,3,27370,27770
2019,1,39,1,0,6,3,400,27770
2019,1,25,1,0,10,1,40000,40000
2019,1,28,1,0,10,1,35000,35000
2019,1,28,1,0,10,1,60000,60000
2019,1,22,1,0,7,1,9500,11000
2019,1,21,1,0,7,1,1500,11000
2019,2,22,1,0,7,1,32000,32000
2019,1,22,3,0,10,3,6000,6000
2019,1,22,1,0,7,2,12000,12000
2019,1,21,1,0,7,1,9000,9000
2019,1,21,1,0,7,1,18000,18000
2019,2,87,1,0,11,3,39800,53500
2019,1,83,1,0,0,3,13700,53500
2019,2,62,1,0,10,1,57000,57000
2019,1,60,1,0,11,1,129000,199000
2019,2,59,1,0,6,1,40000,199000
2019,2,23,1,0,10,1,30000,199000
2019,2,64,1,0,11,3,59100,144800
2019,1,61,2,0,11,1,80200,144800
2019,1,24,2,0,6,1,5500,144800
2019,2,36,1,0,10,1,75000,160000
2019,1,33,1,0,10,1,85000,160000
2019,2,3,1,0,0,0,NA,160000
2019,1,2,1,0,0,0,NA,160000
2019,2,50,1,0,10,3,0,244100
2019,1,52,1,0,11,1,240000,244100
2019,1,17,1,0,5,1,4100,244100
2019,2,15,1,0,3,0,0,244100
2019,1,35,1,0,10,1,2e+05,350000
2019,2,34,1,0,11,1,150000,350000
2019,1,4,1,0,0,0,NA,350000
2019,2,2,1,0,0,0,NA,350000
2019,1,25,1,0,11,1,25900,25900
2019,1,25,1,0,11,1,26000,26000
2019,2,25,1,0,11,1,31800,31800
2019,1,24,3,1,11,1,13000,13000
2019,2,24,1,0,10,1,74000,74000
2019,1,79,1,0,10,3,65400,65400
2019,1,34,3,2,10,1,103000,103000
2019,1,19,3,0,6,3,1500,1500
2019,1,19,1,0,6,3,12000,12000
2019,1,55,1,0,8,1,109000,109000
2019,2,29,1,0,11,1,55000,155000
2019,1,32,1,1,10,1,1e+05,155000
2019,1,59,1,0,10,1,130300,261100
2019,2,60,1,0,10,1,130800,261100
2019,1,55,1,0,10,3,8000,8000
2019,2,44,1,0,10,1,40000,8000
2019,1,10,1,0,1,0,NA,8000
2019,2,58,1,0,7,1,85000,155000
2019,2,29,1,4,10,1,70000,155000
2019,1,30,1,0,8,1,35000,35000
2019,2,76,1,0,6,3,10540,10540
2019,2,43,2,0,1,2,0,16400
2019,1,65,2,0,6,3,16400,16400
2019,1,9,2,0,1,0,NA,16400
2019,1,8,2,0,1,0,NA,16400
2019,1,22,1,0,10,1,21000,21000
2019,2,22,1,0,10,1,15000,21000
2019,1,57,1,0,7,3,40000,40000
2019,1,86,1,0,6,3,30200,84600
2019,2,90,1,0,6,3,8400,84600
2019,2,54,1,0,6,1,46000,84600
2019,2,34,1,0,11,1,72000,194000
2019,1,36,1,0,11,1,122000,194000
2019,2,82,2,0,0,3,8800,8800
2019,2,40,1,0,10,1,39050,39050
2019,2,34,1,0,10,1,47000,47000
2019,2,37,1,0,10,1,80000,80000
2019,1,42,1,0,8,1,92000,80000
2019,2,2,1,0,0,0,NA,80000
2019,1,30,1,0,10,1,72000,72000
2019,1,60,1,0,10,1,90950,90950
2019,2,44,1,0,10,1,65000,65000
2019,1,4,1,0,0,0,NA,65000
2019,2,89,1,0,7,3,51800,51800
2019,2,30,1,3,11,1,215000,269000
2019,1,32,1,0,11,1,54000,269000
2019,2,74,1,0,11,3,178900,276000
2019,1,77,1,0,11,3,97100,276000
2019,2,31,1,0,10,1,30000,30000
2019,2,31,1,0,10,1,8000,30000
2019,2,22,1,0,10,1,36400,36400
2019,1,30,2,0,7,1,15000,15000
2019,1,23,3,0,10,1,25000,25000
2019,1,40,1,0,10,1,1e+05,1e+05
2019,2,30,2,0,11,1,18300,18300
2019,2,38,1,0,10,1,20000,20000
2019,2,29,1,0,11,1,7540,7540
2019,1,67,1,0,10,3,70400,70400
2019,1,74,1,0,6,1,28400,40600
2019,2,71,1,0,10,3,12200,40600
2019,1,74,1,0,7,1,53000,92800
2019,2,70,1,0,10,1,39800,92800
2019,2,38,3,0,6,1,9600,9600
2019,2,19,1,0,7,1,3000,3000
2019,2,20,1,0,7,1,5000,5000
2019,2,19,1,0,7,3,10000,10000
2019,2,19,1,0,7,3,0,0
2019,2,55,2,3,11,1,87000,87000
2019,2,24,3,0,11,1,31700,31700
2019,2,27,1,1,11,1,25000,25000
2019,1,34,1,4,6,1,30000,47400
2019,2,29,1,4,10,1,17400,47400
2019,1,9,1,4,1,0,NA,47400
2019,1,3,1,4,1,0,NA,47400
2019,1,24,1,0,7,1,50000,50000
2019,2,41,2,0,10,1,39000,55300
2019,1,41,2,0,6,1,16300,55300
2019,1,16,2,0,5,3,0,55300
2019,1,15,2,0,4,0,0,55300
2019,2,12,2,0,2,0,NA,55300
2019,1,11,2,0,2,0,NA,55300
2019,2,9,2,0,1,0,NA,55300
2019,1,7,2,0,0,0,NA,55300
2019,1,3,2,0,0,0,NA,55300
2019,2,1,2,0,0,0,NA,55300
2019,1,27,1,0,10,1,12000,50000
2019,2,30,1,0,11,1,38000,50000
2019,1,64,1,0,7,1,40500,40500
2019,2,68,1,0,8,1,87200,87200
2019,2,19,1,0,6,1,23000,23000
2019,2,33,1,4,11,1,55000,95000
2019,2,32,1,0,11,1,40000,95000
2019,2,64,1,0,11,1,173600,173600
2019,2,43,1,0,10,1,57000,57000
2019,2,53,1,0,10,1,75000,75000
2019,2,72,1,0,11,3,21000,121000
2019,1,76,1,0,11,1,1e+05,121000
2019,2,44,1,0,11,1,63500,96600
2019,1,49,1,0,8,1,18500,96600
2019,2,83,1,0,3,3,14600,96600
2019,1,56,1,0,7,1,58000,58000
2019,1,51,1,0,10,1,80000,110000
2019,2,43,1,0,11,1,30000,110000
2019,2,7,1,0,1,0,NA,110000
2019,1,4,1,0,0,0,NA,110000
2019,2,35,3,1,10,3,61000,149000
2019,1,37,1,0,10,1,88000,149000
2019,2,67,1,0,6,3,11000,11000
2019,1,53,1,0,7,1,65100,215100
2019,1,48,1,0,7,1,150000,215100
2019,2,38,1,0,11,3,41000,41000
2019,2,26,1,0,10,1,1100,106100
2019,1,27,1,0,10,1,105000,106100
2019,1,78,1,0,11,3,237000,356000
2019,2,76,1,0,6,3,119000,356000
2019,2,43,1,0,11,1,138700,183700
2019,1,39,1,0,7,1,45000,183700
2019,2,72,1,0,8,1,117600,117600
2019,1,33,1,0,10,1,72000,130000
2019,2,31,1,1,10,1,58000,130000
2019,2,0,1,1,0,0,NA,130000
2019,2,31,1,0,10,1,67500,67500
2019,1,34,1,0,6,1,40000,67500
2019,2,55,1,0,8,1,80000,80000
2019,1,14,3,4,3,0,NA,80000
2019,2,26,1,0,10,1,54000,94000
2019,1,27,1,0,10,1,40000,94000
2019,1,41,1,0,7,1,52000,52000
2019,2,31,3,0,4,1,8990,52000
2019,1,4,3,2,0,0,NA,52000
2019,2,30,1,0,10,1,15000,15000
2019,2,28,1,0,6,1,500,500
2019,1,61,1,0,11,1,10,10
2019,2,69,1,0,6,3,24400,24400
2019,2,56,1,0,10,1,66500,66500
2019,2,57,1,0,10,1,76000,134100
2019,1,65,3,4,10,1,58100,134100
2019,1,28,1,0,10,1,44000,44000
2019,2,24,1,0,6,1,4500,4500
2019,1,65,1,0,6,3,41150,41150
2019,1,39,1,0,10,1,42000,42000
2019,1,62,1,0,6,3,36300,36300
2019,1,29,1,0,11,1,2e+05,420000
2019,2,29,1,0,11,1,220000,420000
2019,2,46,1,0,11,1,68000,68000
2019,1,13,1,0,2,0,NA,68000
2019,2,11,1,0,2,0,NA,68000
2019,2,26,1,0,7,3,15000,15000
2019,1,27,1,0,8,1,40000,15000
2019,2,24,1,0,10,1,30000,15000
2019,1,78,1,0,6,3,316100,316100
2019,2,24,1,0,6,1,47000,47000
2019,1,30,1,0,10,1,52000,52000
2019,2,29,1,0,10,1,32000,32000
2019,1,29,1,0,10,1,62000,62000
2019,1,35,3,0,10,1,21000,21000
2019,2,65,1,0,11,1,134950,134950
2019,2,31,1,0,11,1,46000,46000
2019,1,0,1,0,0,0,NA,46000
2019,2,41,1,0,10,1,18000,113000
2019,1,42,1,0,10,1,95000,113000
2019,2,8,1,0,1,0,NA,113000
2019,2,6,1,0,1,0,NA,113000
2019,2,3,1,0,1,0,NA,113000
2019,1,1,1,0,0,0,NA,113000
2019,1,60,1,0,10,1,476000,476000
2019,2,74,1,0,6,3,37500,37500
2019,2,73,1,0,6,3,14800,14800
2019,1,38,1,0,8,3,0,39000
2019,2,34,1,0,10,1,39000,39000
2019,1,1,1,0,0,0,NA,39000
2019,2,28,1,0,7,1,22900,22900
2019,2,72,1,0,10,3,16900,16900
2019,1,43,3,0,6,1,52000,52000
2019,1,63,1,0,11,1,162000,193200
2019,2,65,1,0,11,1,31200,193200
2019,1,26,1,0,10,1,31000,31000
2019,2,26,1,0,11,1,8000,8000
2019,2,26,1,0,10,1,8000,8000
2019,2,24,1,0,10,1,45000,45000
2019,1,28,1,0,10,1,43000,45000
2019,1,27,1,0,10,1,65000,65000
2019,2,29,1,0,7,1,74000,74000
2019,1,29,1,0,10,1,80000,80000
2019,1,60,3,0,11,3,24000,65000
2019,2,54,3,0,10,3,41000,65000
2019,1,47,1,0,11,1,91200,119200
2019,2,49,1,0,6,1,28000,119200
2019,2,39,1,0,8,1,5000,35000
2019,1,37,1,0,8,1,30000,35000
2019,2,77,1,0,6,3,1500,1500
2019,1,65,1,0,7,1,66000,67500
2019,2,58,1,0,10,3,1500,67500
2019,2,17,1,0,6,3,0,67500
2019,1,56,3,0,8,1,85000,85000
2019,2,41,3,0,11,1,87000,85000
2019,2,1,3,0,0,0,NA,85000
2019,2,27,1,0,10,1,61000,61000
2019,1,23,1,0,10,1,50000,50000
2019,1,24,1,0,10,1,36210,36210
2019,1,23,1,0,10,1,45000,45000
2019,1,23,1,0,10,1,54500,54500
2019,1,56,3,0,11,3,20000,20000
2019,1,63,1,0,10,3,87000,87000
2019,1,73,1,0,10,3,108300,171640
2019,2,69,1,0,10,3,63340,171640
2019,2,60,1,0,6,1,54000,54000
2019,2,57,1,0,8,1,105000,170000
2019,2,39,1,0,11,1,65000,170000
2019,2,16,1,0,5,3,0,170000
2019,1,36,1,0,10,1,60000,132000
2019,2,35,1,0,10,1,72000,132000
2019,1,31,1,0,10,1,105000,105000
2019,1,43,1,0,6,1,28000,63000
2019,2,44,1,0,11,1,35000,63000
2019,2,12,1,0,2,0,NA,63000
2019,2,10,1,0,1,0,NA,63000
2019,1,66,1,0,8,3,41700,41700
2019,1,40,1,0,7,1,12500,12500
2019,1,56,2,0,6,1,58000,132900
2019,2,50,2,0,7,1,33400,132900
2019,2,24,2,0,6,1,40000,132900
2019,1,21,2,0,7,2,1500,132900
2019,2,19,2,0,6,2,0,132900
2019,2,15,2,0,3,0,0,132900
2019,1,12,2,0,2,0,NA,132900
2019,1,31,1,0,10,1,18800,18800
2019,1,25,3,0,6,1,18000,18800
2019,1,61,1,0,2,3,2400,2400
2019,2,59,2,0,7,1,40100,40100
2019,1,32,1,0,10,1,110000,110000
2019,2,38,1,0,7,3,12800,69200
2019,1,39,1,0,7,1,55000,69200
2019,1,17,3,0,5,3,1400,69200
2019,2,11,1,0,2,0,NA,69200
2019,1,24,2,0,10,1,65000,65000
2019,2,95,1,0,6,3,24000,24000
2019,1,45,1,0,6,2,35400,35400
2019,1,65,1,0,8,3,60000,80200
2019,2,65,1,0,6,3,20200,80200
2019,1,30,2,0,10,1,117000,117000
2019,2,26,3,0,10,1,45000,117000
2019,2,80,2,0,6,3,10800,10800
2019,2,29,1,0,8,1,50000,50000
2019,1,45,3,0,11,1,108000,202000
2019,2,38,1,0,11,1,94000,202000
2019,2,3,3,0,0,0,NA,202000
2019,1,71,2,0,6,3,11100,11100
2019,2,95,1,0,11,1,84100,84100
2019,2,49,1,1,0,1,50000,50000
2019,2,55,1,0,8,3,33000,33000
2019,1,27,1,1,10,1,44000,44000
2019,1,27,1,0,10,3,14000,14000
2019,1,21,1,0,10,1,14000,14000
2019,1,19,1,0,7,1,7000,7000
2019,1,25,1,1,10,3,0,0
2019,1,21,3,0,7,3,0,0
2019,1,19,3,0,6,1,600,600
2019,1,62,1,0,11,1,40000,64000
2019,2,61,1,0,10,1,24000,64000
2019,1,69,2,0,11,1,110000,136600
2019,2,53,2,0,6,1,24000,136600
2019,2,19,2,0,5,3,2600,136600
2019,2,18,2,0,6,3,0,136600
2019,1,15,2,0,4,0,0,0
2019,2,48,1,0,6,1,28000,28000
2019,1,83,2,0,0,3,15600,17100
2019,2,18,2,0,6,1,1500,17100
2019,1,33,1,0,10,1,75000,150000
2019,2,32,1,0,10,1,75000,150000
2019,2,2,1,0,0,0,NA,150000
2019,1,55,1,0,11,1,62000,538000
2019,2,47,1,0,11,1,476000,538000
2019,2,13,1,0,2,0,NA,538000
2019,2,13,1,0,2,0,NA,538000
2019,1,76,2,0,3,3,11100,11100
2019,1,37,1,0,8,1,52000,52000
2019,2,33,3,0,0,3,0,52000
2019,1,66,1,0,7,3,6600,6600
2019,1,45,1,0,10,1,75000,6600
2019,2,26,1,0,10,1,12900,62900
2019,1,27,1,0,10,1,50000,62900
2019,2,3,1,0,0,0,NA,62900
2019,2,1,1,0,0,0,NA,62900
2019,2,71,1,0,6,1,30800,30800
2019,2,47,1,0,11,1,82500,82500
2019,2,60,1,0,7,1,62010,62010
2019,2,95,1,0,10,3,44420,44420
2019,1,49,1,0,11,1,207700,207700
2019,1,72,1,0,11,3,46430,98830
2019,2,70,1,0,11,3,52400,98830
2019,2,54,2,0,11,1,193000,193000
2019,1,43,1,0,10,1,75000,75000
2019,1,64,1,0,7,1,126000,126050
2019,2,65,1,0,6,3,50,126050
2019,1,41,1,0,8,1,51000,52500
2019,1,34,1,0,6,1,1500,52500
2019,1,0,1,0,0,0,NA,52500
2019,2,43,1,0,10,1,3300,123340
2019,1,44,1,0,11,1,120040,123340
2019,1,10,1,0,1,0,NA,123340
2019,2,8,1,0,1,0,NA,123340
2019,2,7,1,0,1,0,NA,123340
2019,2,7,1,0,1,0,NA,123340
2019,2,41,3,4,6,1,50500,82500
2019,1,37,3,4,6,2,32000,82500
2019,2,8,3,4,1,0,NA,82500
2019,2,7,3,4,1,0,NA,82500
2019,2,67,2,0,5,3,20700,20700
2019,1,70,3,0,6,3,17400,17400
2019,1,59,2,0,10,1,66000,74000
2019,1,18,2,0,6,1,6000,74000
2019,1,17,2,0,6,3,2000,74000
2019,2,14,2,0,2,0,NA,74000
2019,1,12,2,0,2,0,NA,74000
2019,2,74,1,0,6,1,16300,16300
2019,2,78,3,4,0,1,83000,83000
2019,1,74,1,0,10,3,47820,76620
2019,2,73,1,0,10,3,28800,76620
2019,2,41,2,0,8,1,12600,12600
2019,2,33,2,0,7,1,54000,109000
2019,1,37,2,0,7,1,55000,109000
2019,1,8,2,0,1,0,NA,109000
2019,2,2,2,0,0,0,NA,109000
2019,2,58,2,0,6,1,18000,88000
2019,1,64,2,0,6,3,35000,88000
2019,1,62,2,0,6,3,35000,88000
2019,1,54,1,0,10,1,36200,36200
2019,2,53,1,0,10,1,35000,36200
2019,1,31,1,0,10,1,116300,120300
2019,2,30,1,0,10,3,4000,120300
2019,1,27,1,0,10,1,22650,22650
2019,2,77,1,0,10,3,26000,26000
2019,1,52,1,0,7,1,36000,36000
2019,1,45,1,0,7,1,40000,40000
2019,1,65,1,0,11,3,213100,327530
2019,2,72,1,0,11,3,114430,327530
2019,2,30,1,0,10,1,115000,205000
2019,2,26,1,0,10,1,90000,205000
2019,2,56,1,0,8,1,63000,63000
2019,2,66,1,0,10,3,18850,18850
2019,1,66,1,0,10,1,59020,18850
2019,2,63,1,0,10,3,95000,95000
2019,2,32,1,0,10,1,50000,125000
2019,1,36,1,0,10,1,75000,125000
2019,2,7,1,0,1,0,NA,125000
2019,2,4,1,0,1,0,NA,125000
2019,2,1,1,0,0,0,NA,125000
2019,1,55,1,0,6,1,28000,28000
2019,1,22,3,0,10,1,45000,45000
2019,2,69,1,0,8,3,28800,28800
2019,1,31,2,0,7,1,40000,40000
2019,1,32,3,0,10,1,45000,45000
2019,2,51,1,0,10,1,95000,180000
2019,1,54,1,0,8,1,85000,180000
2019,1,15,1,0,2,0,0,180000
2019,1,12,1,0,2,0,NA,180000
2019,2,26,1,0,11,1,23560,23560
2019,1,31,1,0,11,1,20400,23560
2019,1,46,1,0,8,2,3100,3100
2019,1,65,2,4,6,3,30000,50000
2019,2,62,3,4,6,3,20000,50000
2019,2,62,1,0,10,1,50000,71900
2019,1,62,1,0,8,1,21900,71900
2019,1,53,1,0,10,1,116200,173200
2019,2,49,1,0,8,1,57000,173200
2019,2,41,1,0,8,1,58000,174000
2019,1,41,1,0,10,1,116000,174000
2019,1,7,1,0,1,0,NA,174000
2019,2,4,1,0,0,0,NA,174000
2019,2,58,1,1,6,1,40900,104900
2019,1,57,1,0,6,1,64000,104900
2019,2,44,1,0,10,1,101000,101450
2019,2,16,1,0,4,3,0,101450
2019,1,15,1,0,2,0,450,101450
2019,1,53,1,0,7,3,7700,7700
2019,2,52,1,0,7,1,38000,38000
2019,1,29,1,0,11,1,98000,98000
2019,2,31,2,0,6,1,18400,18400
2019,1,15,2,0,3,0,0,18400
2019,2,13,2,0,2,0,NA,18400
2019,2,10,2,0,2,0,NA,18400
2019,1,8,2,0,1,0,NA,18400
2019,1,4,2,0,0,0,NA,18400
2019,2,42,1,0,11,2,4000,24000
2019,1,43,1,0,7,1,20000,24000
2019,1,12,1,0,2,0,NA,24000
2019,1,9,1,0,1,0,NA,24000
2019,1,66,1,0,7,1,50000,50000
2019,1,83,1,0,7,3,72100,73900
2019,2,80,1,0,6,3,1800,73900
2019,1,68,1,0,8,3,21400,21400
2019,1,26,1,0,11,1,73250,73250
2019,2,64,1,0,6,1,33000,52500
2019,2,33,1,0,6,1,19500,52500
2019,1,27,3,0,10,1,172000,172000
2019,2,34,1,0,11,1,104000,104000
2019,2,25,3,0,10,1,30000,30000
2019,2,26,3,0,10,1,57200,57200
2019,2,26,3,0,10,1,15000,15000
2019,2,25,3,4,10,1,43600,43600
2019,2,27,3,0,11,1,41000,41000
2019,1,27,1,0,11,1,32800,110800
2019,2,28,1,0,8,1,78000,110800
2019,1,83,1,0,11,3,21600,21600
2019,1,38,2,0,7,3,21120,21120
2019,2,22,1,0,10,1,7700,7700
2019,2,32,1,0,11,1,50000,50000
2019,1,44,1,0,10,1,56000,56000
2019,1,22,1,0,10,1,8800,8800
2019,1,22,1,0,7,1,12000,12000
2019,1,22,1,0,10,3,15000,15000
2019,1,21,1,0,7,1,10000,10000
2019,2,68,1,0,10,3,41300,41300
2019,1,52,1,0,6,1,11620,11620
2019,2,61,1,0,11,1,35000,35000
2019,2,38,1,0,11,1,78000,392000
2019,1,39,1,0,10,1,314000,392000
2019,1,2,1,0,0,0,NA,392000
2019,1,0,1,0,0,0,NA,392000
2019,1,33,1,0,7,1,56000,112000
2019,2,31,1,0,7,1,56000,112000
2019,1,39,1,0,11,1,80000,1e+05
2019,2,38,1,0,10,1,20000,1e+05
2019,1,11,1,0,2,0,NA,1e+05
2019,2,9,1,0,1,0,NA,1e+05
2019,1,75,1,0,7,3,68600,117600
2019,2,74,1,0,8,3,49000,117600
2019,2,29,1,0,10,1,61200,61200
2019,2,27,1,0,10,1,70000,70000
2019,1,42,1,0,10,1,165370,165390
2019,2,38,1,0,11,3,20,165390
2019,2,3,1,0,0,0,NA,165390
2019,1,49,1,0,11,1,831000,834000
2019,2,48,1,0,10,3,0,834000
2019,2,18,1,0,5,3,2000,834000
2019,1,16,1,0,3,2,1000,834000
2019,2,29,1,0,10,1,45000,85000
2019,1,29,1,0,10,1,40000,85000
2019,2,77,1,0,10,3,40500,40500
2019,2,37,1,0,11,1,108000,108000
2019,1,43,2,0,3,1,48000,48000
2019,1,39,1,0,10,1,185000,193800
2019,2,44,1,0,8,3,8800,193800
2019,1,41,1,0,10,1,129000,129000
2019,2,42,1,0,7,3,0,129000
2019,2,12,1,0,2,0,NA,129000
2019,2,9,1,0,1,0,NA,129000
2019,2,29,1,0,11,1,58000,58000
2019,1,31,3,0,8,1,70000,70000
2019,2,89,1,0,2,3,32100,32100
2019,2,55,1,0,6,1,25700,52900
2019,2,75,1,0,6,3,27200,52900
2019,1,38,2,0,0,3,2700,13500
2019,2,36,2,0,2,1,10800,13500
2019,2,15,2,0,4,0,0,13500
2019,2,77,1,0,4,3,11500,11500
2019,1,56,1,0,6,3,0,11500
2019,2,49,1,0,10,3,0,476000
2019,1,47,1,0,11,1,476000,476000
2019,2,14,1,0,2,0,NA,476000
2019,1,12,1,0,2,0,NA,476000
2019,2,67,1,0,6,3,45100,63900
2019,1,69,1,0,6,3,18800,63900
2019,1,43,1,0,11,1,52800,149800
2019,2,42,1,0,10,1,97000,149800
2019,1,38,1,0,8,1,91500,126500
2019,2,39,1,0,10,1,35000,126500
2019,2,7,1,0,1,0,NA,126500
2019,1,4,1,0,1,0,NA,126500
2019,1,52,3,0,7,1,124300,124300
2019,1,14,3,0,2,0,NA,124300
2019,2,11,3,0,2,0,NA,124300
2019,2,27,1,0,10,1,52000,52000
2019,1,28,1,0,10,1,26000,52000
2019,1,34,3,0,11,1,16920,16920
2019,2,50,1,0,7,1,123000,124500
2019,2,15,1,0,3,0,1500,124500
2019,2,13,1,0,2,0,NA,124500
2019,1,63,1,0,8,3,24000,24000
2019,2,56,1,0,11,1,72070,77070
2019,2,19,3,4,6,1,5000,77070
2019,1,14,3,4,3,0,NA,77070
2019,1,44,1,4,11,1,102200,102200
2019,1,15,1,4,3,0,0,102200
2019,2,41,1,0,11,1,122000,274000
2019,1,40,1,0,10,1,152000,274000
2019,1,11,1,0,1,0,NA,274000
2019,1,9,1,0,1,0,NA,274000
2019,1,47,1,0,10,1,83000,139150
2019,2,45,1,0,11,1,56150,139150
2019,2,8,1,0,1,0,NA,139150
2019,1,62,1,0,10,1,139000,228500
2019,2,60,1,0,10,1,57000,228500
2019,1,22,1,0,10,1,32500,228500
2019,2,52,1,0,10,1,37000,97000
2019,1,56,1,0,8,1,60000,97000
2019,2,29,1,0,11,1,67000,67000
2019,1,26,3,0,11,1,74700,67000
2019,1,70,1,0,7,3,9000,9000
2019,1,35,1,0,6,1,72000,106700
2019,2,38,3,0,10,1,34700,106700
2019,2,57,1,0,6,3,13000,13000
2019,1,37,1,0,7,3,12200,12200
2019,2,31,1,0,10,1,50000,128000
2019,1,31,1,0,10,1,78000,128000
2019,2,37,1,0,10,1,239000,239000
2019,1,28,1,0,10,1,48800,48800
2019,1,26,1,0,10,1,44780,44780
2019,1,53,2,0,5,3,22000,22000
2019,1,48,1,0,11,1,130000,130000
2019,1,32,1,0,8,1,41000,41000
2019,2,62,1,0,10,1,9300,9300
2019,1,35,2,0,10,1,60000,60000
2019,2,30,3,0,11,1,20310,20310
2019,2,21,1,0,7,3,8000,8000
2019,2,21,1,0,7,1,7050,7050
2019,2,21,1,0,7,1,6000,6000
2019,2,21,1,0,7,1,5000,5000
2019,2,21,1,0,7,1,3500,3500
2019,1,63,1,0,7,3,2400,2400
2019,2,51,1,0,11,1,12500,12500
2019,2,21,3,0,6,1,25000,25000
2019,1,1,3,0,0,0,NA,25000
2019,2,65,1,0,6,1,50000,85000
2019,1,41,1,0,6,1,35000,85000
2019,1,36,1,0,10,1,32400,95400
2019,2,38,1,0,10,1,63000,95400
2019,2,31,3,4,8,1,32500,35500
2019,1,15,3,4,2,0,3000,35500
2019,1,33,1,0,10,1,165000,165000
2019,2,30,1,4,2,3,8700,8700
2019,1,38,1,4,2,1,40000,8700
2019,1,9,1,4,1,0,NA,8700
2019,1,4,1,4,0,0,NA,8700
2019,2,35,1,0,6,1,29000,44000
2019,2,17,3,0,4,1,15000,44000
2019,1,11,3,0,1,0,NA,44000
2019,1,8,3,0,1,0,NA,44000
2019,2,4,3,0,0,0,NA,44000
2019,2,31,1,0,11,1,42000,42000
2019,1,32,3,0,11,1,55000,42000
2019,1,23,1,0,10,1,47000,47000
2019,2,24,1,0,7,1,11000,47000
2019,2,48,1,0,6,1,47000,47000
2019,1,37,1,0,11,1,62000,62000
2019,2,39,1,0,6,1,38000,38000
2019,2,28,1,0,10,1,120000,120000
2019,1,32,1,0,10,1,1e+05,2e+05
2019,2,29,1,0,10,1,1e+05,2e+05
2019,2,41,1,0,10,1,139000,139000
2019,2,64,1,0,11,1,34700,52960
2019,1,71,1,0,7,1,18260,52960
2019,1,45,1,0,10,1,103300,103300
2019,1,3,1,0,0,0,NA,103300
2019,2,38,1,0,11,1,150000,190000
2019,1,44,1,0,8,1,40000,190000
2019,1,44,1,0,11,1,176000,203000
2019,2,42,1,0,10,1,27000,203000
2019,2,9,1,0,1,0,NA,203000
2019,1,6,1,0,1,0,NA,203000
2019,2,40,1,0,7,1,20000,62000
2019,1,41,1,0,6,1,42000,62000
2019,2,10,1,0,1,0,NA,62000
2019,2,7,1,0,1,0,NA,62000
2019,1,67,2,0,7,1,96400,96400
2019,2,27,1,0,10,1,70000,70000
2019,2,46,1,0,7,1,101000,101000
2019,2,27,1,0,10,1,42000,42000
2019,2,29,1,0,10,1,45000,45000
2019,1,27,1,0,6,1,20000,20000
2019,2,71,1,0,10,3,35030,72930
2019,2,67,1,0,8,3,37900,72930
2019,2,58,1,0,6,1,33500,33500
2019,1,38,1,0,10,1,101700,122100
2019,2,37,1,0,10,1,20400,122100
2019,2,8,1,0,1,0,NA,122100
2019,1,39,2,0,10,2,15000,31700
2019,2,31,2,0,6,3,16700,31700
2019,2,11,2,0,2,0,NA,31700
2019,1,9,2,0,1,0,NA,31700
2019,1,6,2,0,1,0,NA,31700
2019,2,3,2,0,0,0,NA,31700
2019,2,0,2,0,0,0,NA,31700
2019,1,30,1,0,11,1,34500,34500
2019,2,47,1,0,7,1,78000,78000
2019,2,50,1,0,6,1,19000,19000
2019,1,34,1,0,6,1,34000,19000
2019,2,25,1,0,10,1,34100,34100
2019,2,25,1,0,10,1,37350,37350
2019,1,68,1,0,10,1,216900,242400
2019,2,69,1,0,11,3,25500,242400
2019,2,75,2,0,2,3,18000,18000
2019,1,30,1,0,10,1,41000,81000
2019,2,27,1,0,10,1,40000,81000
2019,1,60,3,0,6,1,60000,60000
2019,2,60,1,0,6,3,0,60000
2019,1,68,1,0,10,3,59100,89700
2019,2,67,1,0,7,1,30600,89700
2019,1,66,1,0,7,3,28000,28000
2019,2,26,1,0,7,3,9300,9300
2019,1,42,1,0,6,1,97500,97500
2019,2,38,1,0,10,1,22000,97500
2019,1,62,1,0,8,1,108600,110400
2019,2,30,1,0,8,1,1800,110400
2019,1,38,2,0,6,1,37000,37000
2019,2,39,1,0,8,1,38000,93000
2019,1,39,1,0,11,1,55000,93000
2019,2,3,1,0,0,0,NA,93000
2019,2,38,1,0,8,1,50000,80000
2019,2,9,3,0,1,0,NA,80000
2019,2,31,1,0,7,1,30000,80000
2019,1,60,1,0,11,3,254000,304000
2019,2,58,1,0,10,3,50000,304000
2019,1,42,3,1,8,1,75000,75000
2019,2,37,3,4,6,3,32000,75000
2019,2,16,3,4,4,3,0,75000
2019,2,39,1,1,2,1,31200,46200
2019,1,43,1,1,2,1,6000,46200
2019,1,17,1,1,5,3,9000,46200
2019,1,15,1,1,3,0,0,46200
2019,2,13,1,1,2,0,NA,46200
2019,1,11,1,1,2,0,NA,46200
2019,2,38,1,0,11,1,185000,185000
2019,1,39,1,0,7,3,0,185000
2019,1,1,1,0,0,0,NA,185000
2019,1,72,1,0,11,3,57890,58110
2019,2,64,1,0,10,3,220,58110
2019,2,39,2,0,8,1,23800,38800
2019,1,40,2,0,6,1,15000,38800
2019,2,16,2,0,3,3,0,38800
2019,1,13,2,0,2,0,NA,38800
2019,2,10,2,0,1,0,NA,38800
2019,1,8,2,0,1,0,NA,38800
2019,2,53,3,0,6,1,70000,177500
2019,1,54,3,0,7,1,37000,177500
2019,1,26,3,0,6,1,14000,177500
2019,1,24,3,0,6,1,29000,177500
2019,1,27,3,0,6,1,27500,177500
2019,1,60,1,0,10,1,260000,288000
2019,2,51,3,0,10,1,28000,288000
2019,2,47,1,0,6,3,280,95280
2019,1,46,1,0,7,1,95000,95280
2019,1,11,1,0,2,0,NA,95280
2019,2,9,1,0,1,0,NA,95280
2019,2,20,1,0,7,3,0,0
2019,2,20,1,0,7,3,0,0
2019,2,20,2,0,7,3,0,0
2019,2,20,1,0,7,3,0,0
2019,2,24,1,0,10,1,24000,24000
2019,1,42,1,0,11,1,176800,176800
2019,1,70,1,0,11,3,19900,67700
2019,2,75,1,0,10,3,47800,67700
2019,1,72,1,0,10,3,12200,42180
2019,2,70,1,0,7,3,16680,42180
2019,1,28,1,0,8,1,13300,42180
2019,2,22,1,4,10,3,20000,20000
2019,1,50,1,0,10,1,29600,29600
2019,1,45,1,0,10,1,124000,124000
2019,2,95,1,0,10,3,55000,55000
2019,1,35,1,0,11,1,53700,143700
2019,2,36,1,0,11,1,90000,143700
2019,1,5,1,0,0,0,NA,143700
2019,1,3,1,0,0,0,NA,143700
2019,2,46,3,0,8,1,30000,30000
2019,1,8,3,0,1,0,NA,30000
2019,1,34,3,0,7,1,101200,131200
2019,2,38,1,0,11,1,30000,131200
2019,1,25,3,0,10,1,25000,82000
2019,1,21,3,0,7,1,25000,82000
2019,1,20,3,0,6,1,32000,82000
2019,1,63,1,0,8,3,8700,8700
2019,2,45,1,0,11,1,75000,147000
2019,1,44,1,0,7,1,72000,147000
2019,2,10,1,0,1,0,NA,147000
2019,2,8,1,0,1,0,NA,147000
2019,2,42,1,0,10,1,53000,168000
2019,1,37,1,0,8,1,115000,168000
2019,1,24,1,0,10,1,46000,46000
2019,1,24,1,0,10,1,60000,60000
2019,1,66,1,0,11,3,44700,44700
2019,2,24,3,0,6,2,0,0
2019,1,27,3,0,6,1,36700,0
2019,1,1,3,0,0,0,NA,0
2019,2,50,1,0,2,3,0,0
2019,2,39,3,1,7,3,5800,19300
2019,2,6,3,1,0,0,NA,19300
2019,1,1,3,1,0,0,NA,19300
2019,2,18,3,0,5,3,5300,19300
2019,1,0,3,1,0,0,NA,19300
2019,2,19,3,0,6,3,8200,19300
2019,2,2,3,0,0,0,NA,19300
2019,1,52,1,0,8,1,476000,476000
2019,1,58,1,0,6,1,24000,24000
2019,1,39,1,0,8,1,33500,33500
2019,2,28,1,0,11,1,60000,60000
2019,1,29,1,0,10,1,60000,60000
2019,1,39,1,0,11,1,117000,218000
2019,2,39,1,0,11,1,101000,218000
2019,1,5,1,0,1,0,NA,218000
2019,2,2,1,0,0,0,NA,218000
2019,2,56,1,0,10,1,29800,29800
2019,2,58,3,0,7,1,43000,86800
2019,2,22,3,0,5,1,8600,86800
2019,2,43,3,0,8,1,35200,86800
2019,2,5,3,0,0,0,NA,86800
2019,2,25,1,0,11,1,40000,40000
2019,1,26,1,0,10,1,60000,40000
2019,1,61,1,0,6,1,73000,81000
2019,2,64,1,0,6,3,8000,81000
2019,2,60,1,0,11,3,149600,239800
2019,1,64,1,0,6,3,90200,239800
2019,1,45,1,0,7,1,73000,73000
2019,2,29,3,0,8,3,0,73000
2019,2,1,3,0,0,0,NA,73000
2019,1,0,3,0,0,0,NA,73000
2019,2,29,1,0,8,1,11200,11200
2019,1,63,3,0,3,3,8200,8200
2019,1,62,1,0,7,1,43000,43000
2019,1,64,1,0,6,1,34000,34000
2019,1,64,1,0,7,1,143420,177420
2019,2,59,1,0,10,1,34000,177420
2019,1,14,3,4,2,0,NA,177420
2019,2,43,1,0,8,1,34700,34700
2019,2,16,1,0,5,3,0,34700
2019,1,76,3,0,0,3,12000,18000
2019,2,73,3,0,0,3,6000,18000
2019,1,29,1,0,10,1,64000,64000
2019,2,41,1,0,6,2,8800,8800
2019,1,64,1,0,6,3,14000,14000
2019,1,67,1,0,11,3,46200,46200
2019,2,62,1,0,11,3,291900,291900
2019,2,24,1,0,10,1,40000,40000
2019,2,24,3,0,10,1,35000,35000
2019,2,29,3,1,8,1,1200,1200
2019,1,52,1,0,10,1,197000,197000
2019,2,46,1,0,11,3,0,197000
2019,2,5,1,0,1,0,NA,197000
2019,1,37,1,0,10,1,87250,87250
2019,2,62,2,0,8,1,60000,60000
2019,2,61,1,0,11,1,19900,99900
2019,2,57,1,0,11,1,80000,99900
2019,2,31,2,0,6,1,24300,24300
2019,2,37,1,0,11,1,230000,706000
2019,1,38,1,0,11,1,476000,706000
2019,1,2,1,0,0,0,NA,706000
2019,1,0,1,0,0,0,NA,706000
2019,1,0,1,0,0,0,NA,706000
2019,1,58,1,0,10,1,40000,40000
2019,2,21,1,0,7,1,800,800
2019,2,22,3,0,7,1,6000,6000
2019,2,21,1,0,7,1,2000,2000
2019,2,21,3,0,7,1,7000,7000
2019,1,40,1,0,6,1,35000,59000
2019,2,42,1,0,10,1,24000,59000
2019,1,58,1,0,7,1,59610,59610
2019,1,50,1,0,10,1,99300,99300
2019,1,58,3,0,6,1,45000,118400
2019,2,55,3,0,8,1,52000,118400
2019,1,25,3,0,10,2,14400,118400
2019,2,22,3,0,10,1,7000,118400
2019,2,29,1,1,10,1,45000,60000
2019,1,28,1,1,10,1,15000,60000
2019,2,49,1,0,8,1,23000,33000
2019,2,21,3,2,6,1,8000,33000
2019,1,19,3,2,6,3,2000,33000
2019,1,40,1,0,11,1,80000,80000
2019,1,58,1,0,10,1,120000,250000
2019,1,56,1,0,7,1,130000,250000
2019,2,90,1,0,7,3,37900,37900
2019,2,50,1,0,11,1,91050,91050
2019,1,78,1,0,10,1,70000,70000
2019,2,59,1,0,11,1,92000,137700
2019,1,63,1,0,10,1,45700,137700
2019,2,29,1,0,10,1,42300,42300
2019,1,25,1,0,10,1,83000,83000
2019,2,33,1,0,8,1,29000,29000
2019,2,69,1,0,10,3,15000,15000
2019,2,53,1,0,11,1,54700,54700
2019,1,48,1,0,10,1,46000,46000
2019,2,22,2,0,0,3,0,0
2019,1,32,1,0,10,1,91000,91000
2019,2,29,1,0,10,1,60000,91000
2019,2,29,1,0,10,1,71000,71000
2019,2,30,1,4,10,1,60000,60000
2019,1,35,1,0,7,1,55000,60000
2019,2,25,1,0,10,1,38000,38000
2019,1,27,1,0,10,1,65000,114000
2019,2,27,1,0,10,1,49000,114000
2019,1,32,1,0,10,3,100,106200
2019,2,31,3,0,10,1,106100,106200
2019,2,8,3,0,1,0,NA,106200
2019,1,4,3,0,1,0,NA,106200
2019,2,72,1,0,6,3,20500,20500
2019,2,37,1,0,11,1,65000,65000
2019,1,57,1,0,11,1,108200,111200
2019,1,17,3,0,6,1,3000,111200
2019,2,63,1,0,10,3,0,52000
2019,1,57,1,0,10,1,52000,52000
2019,1,43,1,0,8,1,51850,51850
2019,2,40,1,0,10,1,36000,51850
2019,1,30,1,4,6,1,80000,125000
2019,2,31,1,4,6,1,35000,125000
2019,1,30,1,4,6,3,10000,125000
2019,2,1,1,0,0,0,NA,125000
2019,1,26,1,4,10,1,40000,40000
2019,2,51,3,0,11,3,40000,64000
2019,1,52,1,0,7,1,24000,64000
2019,1,24,1,0,10,1,15800,15800
2019,2,84,2,0,0,3,8800,31800
2019,2,58,2,0,6,1,23000,31800
2019,1,60,1,0,10,1,125000,161000
2019,2,63,1,0,6,3,36000,161000
2019,2,57,1,0,11,1,106000,108200
2019,1,18,1,0,6,2,2200,108200
2019,1,58,1,0,7,3,1000,1000
2019,1,29,1,0,6,1,20000,45000
2019,2,27,1,0,6,1,25000,45000
2019,1,43,1,0,11,1,73000,73000
2019,2,78,1,0,10,3,4100,39100
2019,2,38,1,0,8,1,35000,39100
2019,2,60,2,0,6,1,9000,9000
2019,1,58,2,0,5,3,8700,9000
2019,1,37,1,0,7,1,40000,95000
2019,2,35,1,0,10,1,55000,95000
2019,1,3,1,0,0,0,NA,95000
2019,1,0,1,0,0,0,NA,95000
2019,2,45,1,0,10,1,45400,45400
2019,2,65,1,0,11,3,28000,443900
2019,1,69,1,0,11,1,415900,443900
2019,2,45,3,0,0,3,0,8800
2019,2,24,3,1,6,1,8800,8800
2019,1,15,3,0,3,0,0,8800
2019,2,78,1,0,11,3,66300,88500
2019,1,76,1,0,11,3,22200,88500
2019,2,47,2,0,7,1,88700,138700
2019,1,28,2,0,10,1,50000,138700
2019,2,95,1,0,6,3,26200,26200
2019,2,23,2,0,8,1,40000,40000
2019,1,24,2,0,6,1,25000,40000
2019,1,21,2,0,6,1,40000,40000
2019,1,13,2,0,2,0,NA,40000
2019,2,46,2,0,8,1,45000,40000
2019,1,43,2,0,10,1,20000,40000
2019,1,26,1,0,10,1,70000,70000
2019,2,35,1,0,8,1,40000,62000
2019,1,40,1,0,0,1,22000,62000
2019,2,38,1,0,8,1,40000,90000
2019,1,39,1,0,6,1,50000,90000
2019,2,27,1,0,10,1,25000,25000
2019,2,34,1,0,10,1,32000,82000
2019,1,31,1,0,8,1,50000,82000
2019,1,71,1,0,6,3,13090,13090
2019,2,26,1,0,10,1,34000,99000
2019,1,26,1,0,10,1,65000,99000
2019,1,51,1,0,10,1,240000,288800
2019,2,70,1,0,11,3,48800,288800
2019,1,28,1,0,11,1,63490,63490
2019,2,68,1,0,6,1,28900,28900
2019,1,60,1,0,6,1,33000,33000
2019,2,50,3,0,11,1,24200,24200
2019,1,46,2,0,6,1,35700,39600
2019,2,47,2,0,6,1,3900,39600
2019,1,16,2,0,5,3,0,39600
2019,1,15,2,0,3,0,0,39600
2019,1,10,2,0,1,0,NA,39600
2019,1,48,1,0,11,1,208000,208000
2019,1,26,2,0,10,1,14600,14600
2019,2,53,1,0,6,1,80000,80000
2019,1,49,1,0,6,1,40000,40000
2019,1,70,1,0,10,3,62600,103100
2019,2,69,1,0,7,3,25500,103100
2019,1,46,1,0,6,3,15000,103100
2019,1,31,1,0,10,1,71200,71200
2019,2,86,1,0,10,3,32600,32600
2019,2,26,3,0,5,3,9410,9410
2019,1,2,3,0,0,0,NA,9410
2019,1,35,1,0,8,1,170000,234600
2019,2,34,3,0,11,1,37000,234600
2019,2,6,3,0,1,0,NA,234600
2019,1,2,3,0,0,0,NA,234600
2019,1,38,1,0,6,3,12000,234600
2019,1,73,3,0,6,3,7200,234600
2019,2,69,3,0,6,3,8400,234600
2019,1,73,1,0,5,1,61900,74800
2019,2,70,1,0,6,3,12900,74800
2019,1,29,1,0,10,1,55000,55000
2019,2,28,3,0,8,1,35000,55000
2019,1,56,1,0,10,1,71500,71500
2019,1,54,1,0,11,1,158200,158200
2019,2,26,1,0,10,1,24400,24400
2019,1,34,1,0,11,1,73000,128000
2019,2,32,3,0,5,1,55000,128000
2019,2,65,1,0,7,1,15400,15400
2019,1,67,1,0,7,1,20000,20000
2019,1,59,1,0,7,1,43500,43500
2019,1,20,1,0,7,3,8000,8000
2019,1,21,2,0,7,1,15500,15500
2019,1,21,1,0,6,1,30000,30000
2019,1,20,2,0,6,3,600,600
2019,2,61,1,0,10,1,93000,93000
2019,2,59,1,0,10,1,6000,49000
2019,1,62,2,0,11,1,43000,49000
2019,1,67,1,0,10,1,212600,225100
2019,2,59,1,0,11,3,12500,225100
2019,2,62,1,0,10,1,150000,180000
2019,1,74,1,0,11,3,30000,180000
2019,1,31,1,0,10,1,32300,46800
2019,2,41,3,0,11,1,14500,46800
2019,1,2,3,0,0,0,NA,46800
2019,2,26,1,0,8,1,23500,23500
2019,1,31,1,0,6,1,88000,23500
2019,2,29,1,0,7,1,35000,35000
2019,2,34,1,0,11,1,90000,143800
2019,1,37,1,0,11,1,53800,143800
2019,1,6,1,0,1,0,NA,143800
2019,2,3,1,0,0,0,NA,143800
2019,2,0,1,0,0,0,NA,143800
2019,1,72,1,0,6,3,59900,59900
2019,1,31,1,4,10,1,31000,31000
2019,2,65,1,0,10,1,37000,37000
2019,1,25,1,0,10,1,67000,67000
2019,1,25,1,0,10,1,75000,75000
2019,1,67,1,0,7,1,73100,83900
2019,2,64,1,0,6,3,10800,83900
2019,2,41,2,0,6,1,40000,46900
2019,2,22,2,0,6,2,6900,46900
2019,1,2,2,0,0,0,NA,46900
2019,2,60,3,0,11,1,171000,171000
2019,1,33,1,0,11,1,476260,476260
2019,2,32,1,0,11,3,0,476260
2019,1,5,1,0,0,0,NA,476260
2019,2,2,1,0,0,0,NA,476260
2019,2,0,1,0,0,0,NA,476260
2019,1,41,1,0,11,1,88000,248000
2019,2,44,1,0,11,1,160000,248000
2019,1,11,1,0,2,0,NA,248000
2019,1,8,1,0,1,0,NA,248000
2019,1,17,2,0,5,1,18210,18210
2019,2,0,2,0,0,0,NA,18210
2019,2,17,2,0,6,3,8300,8300
2019,1,66,1,0,6,3,24700,61700
2019,2,39,1,0,7,1,32000,61700
2019,2,28,1,0,6,1,5000,61700
2019,1,36,1,0,8,1,44000,84500
2019,2,33,1,4,10,1,40500,84500
2019,1,75,1,0,10,3,15500,15500
2019,2,48,1,0,11,3,60200,141200
2019,1,50,1,0,8,1,80000,141200
2019,1,17,1,0,5,2,1000,141200
2019,1,11,1,0,2,0,NA,141200
2019,1,79,1,0,6,3,16400,16400
2019,2,59,1,0,11,1,80000,146400
2019,1,57,1,0,7,1,65500,146400
2019,1,18,1,0,5,3,900,146400
2019,2,61,1,0,10,1,44400,44400
2019,1,62,1,0,10,1,204000,204000
2019,1,32,1,0,11,1,75000,75000
2019,1,43,1,4,10,1,70000,92000
2019,2,29,1,0,10,1,22000,92000
2019,1,64,3,0,0,1,35000,101000
2019,1,30,3,0,10,1,60000,101000
2019,2,25,3,0,6,1,6000,101000
2019,1,1,3,0,0,0,NA,101000
2019,2,28,3,0,10,1,60000,60000
2019,1,28,1,0,11,1,45000,45000
2019,2,28,1,0,10,1,12000,45000
2019,1,66,1,0,10,1,46400,46400
2019,2,36,1,0,10,1,33000,117000
2019,1,44,1,0,10,1,84000,117000
2019,1,4,1,0,1,0,NA,117000
2019,2,0,1,0,0,0,NA,NA
2019,2,28,1,0,11,1,56000,56000
2019,1,30,1,0,10,1,72000,56000
2019,1,37,1,0,10,1,85000,215000
2019,2,35,1,0,10,1,130000,215000
2019,1,2,1,0,0,0,NA,215000
2019,1,0,1,0,0,0,NA,215000
2019,1,25,1,0,10,1,50000,50000
2019,1,26,1,0,8,1,80000,80000
2019,1,25,1,1,8,1,23000,23000
2019,1,24,1,0,10,1,60000,60000
2019,2,25,1,0,10,1,74000,74000
2019,2,26,1,0,10,1,82000,82000
2019,1,33,1,0,10,1,105950,105950
2019,1,44,3,0,11,1,150000,150000
2019,2,40,3,0,11,2,0,150000
2019,1,7,3,0,1,0,NA,150000
2019,1,76,1,0,11,3,48300,433800
2019,2,69,1,0,11,1,385500,433800
2019,2,42,2,0,6,1,25700,46400
2019,2,21,2,0,6,1,8600,46400
2019,2,19,2,0,6,1,3100,46400
2019,1,18,2,0,6,1,9000,46400
2019,1,58,1,0,10,2,22900,148000
2019,2,60,1,0,10,1,125100,148000
2019,1,62,1,0,7,1,169400,171400
2019,2,68,1,0,11,3,2000,171400
2019,2,45,3,1,2,1,35000,40000
2019,1,23,3,1,7,1,5000,40000
2019,1,74,1,0,6,3,66000,66000
2019,1,65,1,0,11,1,476000,479900
2019,2,64,1,0,11,3,3900,479900
2019,2,63,1,0,10,3,41000,549000
2019,1,63,1,0,10,1,508000,549000
2019,2,65,1,0,11,1,27800,188800
2019,1,65,1,0,10,2,102000,188800
2019,1,22,1,0,6,1,40000,188800
2019,1,22,1,0,7,1,19000,188800
2019,1,68,1,0,10,3,61200,79200
2019,2,67,1,0,10,3,18000,79200
2019,1,28,1,0,10,1,25000,25000
2019,1,26,1,0,10,1,62010,62010
2019,2,24,1,0,10,1,55000,62010
2019,1,58,1,0,10,1,78000,78000
2019,1,44,2,0,10,1,8000,78000
2019,1,68,2,0,8,3,13900,13900
2019,1,33,1,0,10,1,65050,65050
2019,2,34,1,0,7,3,0,65050
2019,2,7,1,0,1,0,NA,65050
2019,2,2,1,0,0,0,NA,65050
2019,1,25,1,0,10,1,73000,73000
2019,1,21,1,0,10,1,25100,25100
2019,1,44,1,0,10,1,76000,144000
2019,2,44,1,0,10,1,68000,144000
2019,1,25,1,0,10,1,10000,10000
2019,1,25,3,0,10,1,45000,45000
2019,2,40,1,1,7,3,1000,69000
2019,1,45,1,1,10,1,68000,69000
2019,1,15,1,1,2,0,0,69000
2019,2,11,1,1,2,0,NA,69000
2019,2,47,1,0,10,3,10000,160000
2019,1,47,1,0,10,1,150000,160000
2019,2,14,1,0,2,0,NA,160000
2019,2,12,1,0,2,0,NA,160000
2019,1,11,1,0,1,0,NA,160000
2019,1,51,2,0,10,1,63000,63000
2019,2,67,2,0,6,3,0,0
2019,1,40,1,0,10,1,62000,112000
2019,2,40,1,0,10,1,50000,112000
2019,2,27,1,0,10,1,60000,60000
2019,1,28,1,0,10,1,30000,60000
2019,1,35,2,0,6,3,41500,41500
2019,2,61,2,0,0,1,13330,16230
2019,1,36,2,0,0,3,2900,16230
2019,2,57,3,0,10,1,115000,115000
2019,2,31,1,0,7,1,32000,32000
2019,2,44,3,0,11,1,113000,113000
2019,1,62,2,0,6,3,10000,10000
2019,2,20,3,0,6,1,2800,2800
2019,1,77,1,0,10,3,62500,71500
2019,2,75,1,0,6,3,9000,71500
2019,2,20,3,0,7,1,1000,1000
2019,1,21,3,0,7,1,2000,1000
2019,1,49,1,0,10,1,135000,171350
2019,2,46,1,0,11,1,36000,171350
2019,2,16,1,0,4,3,350,171350
2019,2,13,1,0,2,0,NA,171350
2019,1,24,1,0,10,1,60000,60000
2019,1,24,3,0,10,1,69000,69000
2019,1,22,1,0,10,1,80000,80000
2019,1,22,1,0,10,1,42100,42100
2019,2,32,2,0,6,2,3690,3690
2019,1,2,2,0,0,0,NA,3690
2019,1,24,1,4,10,1,56000,56000
2019,1,64,1,0,7,3,60000,152000
2019,2,64,1,0,8,1,92000,152000
2019,1,32,1,0,10,1,65000,130000
2019,2,30,1,0,10,1,65000,130000
2019,1,30,1,0,8,1,40000,40000
2019,1,30,1,0,10,2,17000,17000
2019,1,55,1,0,11,3,3300,3300
2019,2,44,1,0,11,1,130000,130000
2019,2,45,1,0,10,1,1e+05,1e+05
2019,1,53,1,0,11,1,95000,137500
2019,2,53,1,0,10,1,34000,137500
2019,1,22,1,0,8,1,6000,137500
2019,2,19,1,0,7,1,2500,137500
2019,2,63,2,0,6,3,22100,59100
2019,2,38,2,0,8,1,37000,59100
2019,2,30,1,0,10,1,44000,44000
2019,1,66,1,0,11,3,65000,114000
2019,2,71,1,0,10,3,49000,114000
2019,2,42,1,0,11,1,158000,158000
2019,1,28,1,0,10,1,52000,52000
2019,1,29,1,0,10,1,58000,58000
2019,1,28,1,0,10,1,32060,32060
2019,2,32,1,0,6,1,12000,48000
2019,1,30,1,0,7,1,36000,48000
2019,2,1,1,0,0,0,NA,48000
2019,2,65,1,0,10,1,120000,120000
2019,1,38,1,0,10,1,50000,1e+05
2019,2,38,1,0,10,1,50000,1e+05
2019,2,42,2,0,10,1,50000,50000
2019,1,50,1,0,6,3,18600,18600
2019,1,47,1,0,10,1,85500,85500
2019,2,42,1,0,8,1,58000,58000
2019,1,64,2,0,6,3,9890,9890
2019,2,27,1,0,10,1,55000,55000
2019,2,25,1,0,10,1,52000,52000
2019,2,83,2,0,0,3,11600,11600
2019,1,61,1,0,8,1,70000,149900
2019,2,63,1,0,10,1,65000,149900
2019,1,28,3,4,6,3,6000,149900
2019,2,88,1,0,6,3,8900,149900
2019,2,76,1,0,11,1,67100,67100
2019,1,25,1,1,6,1,36000,59000
2019,2,22,3,0,5,1,23000,59000
2019,1,5,3,1,1,0,NA,59000
2019,1,2,3,1,0,0,NA,59000
2019,1,86,1,0,10,3,49800,61300
2019,2,82,1,0,6,3,11500,61300
2019,2,61,1,0,10,1,83000,83000
2019,2,37,1,0,10,1,21700,73700
2019,1,36,1,0,11,1,52000,73700
2019,1,6,1,0,1,0,NA,73700
2019,1,3,1,0,0,0,NA,73700
2019,1,22,1,0,10,1,16000,16000
2019,1,22,1,0,10,3,12000,12000
2019,1,22,1,0,10,1,6000,6000
2019,1,22,1,0,6,3,5000,5000
2019,1,21,1,0,10,1,10000,10000
2019,2,26,1,0,10,1,85000,139000
2019,1,26,1,0,10,1,54000,139000
2019,2,33,1,0,10,1,43000,43000
2019,1,65,1,0,10,1,208700,225800
2019,2,66,1,0,10,3,17100,225800
2019,1,32,3,0,10,1,150000,150000
2019,2,37,1,0,8,3,0,150000
2019,2,44,1,0,7,1,29600,29600
2019,1,11,1,1,2,0,NA,29600
2019,1,9,1,1,1,0,NA,29600
2019,1,54,1,0,11,1,96200,96200
2019,1,76,1,0,11,3,112000,125000
2019,2,75,1,0,7,3,13000,125000
2019,1,63,2,0,11,1,97000,267000
2019,2,62,2,0,11,1,105000,267000
2019,1,24,2,0,10,1,65000,267000
2019,1,64,1,1,11,3,166000,166000
2019,2,72,1,0,11,3,408600,408600
2019,1,30,1,0,6,1,25400,25400
2019,1,34,1,0,11,1,116000,116000
2019,2,35,1,0,10,3,0,116000
2019,1,8,1,0,1,0,NA,116000
2019,2,6,1,0,1,0,NA,116000
2019,1,4,1,0,0,0,NA,116000
2019,2,1,1,0,0,0,NA,116000
2019,2,27,1,0,11,1,20000,20000
2019,1,21,1,0,7,1,2000,2000
2019,1,21,1,4,7,1,3000,3000
2019,2,21,1,0,7,1,10000,10000
2019,1,21,1,1,7,1,4000,4000
2019,2,21,3,0,7,1,10000,10000
2019,1,54,1,0,6,1,12000,12000
2019,2,46,3,0,8,1,68000,12000
2019,2,28,1,0,7,1,36000,36000
2019,1,29,1,0,7,1,25000,36000
2019,1,52,1,0,6,1,18900,18900
2019,1,77,1,0,11,3,59100,71100
2019,2,40,1,0,6,3,12000,71100
2019,2,61,1,0,10,1,83500,83500
2019,2,29,1,0,10,1,60000,60000
2019,1,33,1,0,8,1,60000,60000
2019,1,39,1,0,10,1,80000,130000
2019,2,33,1,0,7,1,50000,130000
2019,1,2,1,0,0,0,NA,130000
2019,1,29,1,0,10,1,55000,55000
2019,1,69,2,0,10,1,38000,57510
2019,2,65,2,0,8,3,19510,57510
2019,1,28,1,0,11,1,29000,89000
2019,2,30,1,0,11,1,60000,89000
2019,2,38,1,0,10,1,77000,147000
2019,1,43,1,0,7,1,70000,147000
2019,1,3,1,0,0,0,NA,147000
2019,1,1,1,0,0,0,NA,147000
2019,2,27,1,0,10,1,30000,30000
2019,1,42,1,0,10,1,1e+05,180000
2019,2,42,1,0,11,1,80000,180000
2019,2,13,1,0,2,0,NA,180000
2019,1,10,1,0,1,0,NA,180000
2019,2,31,1,0,10,1,60830,60830
2019,2,49,1,0,0,3,1600,1600
2019,1,57,2,0,6,1,30500,1600
2019,1,21,1,0,6,3,11000,1600
2019,2,17,1,0,5,3,11000,1600
2019,2,53,1,0,10,1,150000,626000
2019,1,54,3,4,11,1,476000,626000
2019,1,17,1,0,5,3,0,626000
2019,1,14,1,0,2,0,NA,626000
2019,2,52,1,0,10,1,1e+05,1e+05
2019,1,32,1,0,8,1,3700,3700
2019,2,58,1,0,6,1,28400,28400
2019,1,56,1,0,7,1,20000,28400
2019,1,56,1,0,7,1,55000,55000
2019,1,81,1,0,11,3,40700,85200
2019,2,80,1,0,11,3,44500,85200
2019,2,60,1,0,11,1,144000,262000
2019,1,62,1,0,11,1,118000,262000
2019,1,38,1,0,10,1,1e+05,1e+05
2019,2,36,1,0,8,1,65000,1e+05
2019,2,33,3,1,10,1,27000,27000
2019,1,13,3,1,2,0,NA,27000
2019,1,4,3,1,1,0,NA,27000
2019,2,0,3,1,0,0,NA,27000
2019,1,47,1,0,7,1,115000,223000
2019,2,39,1,0,11,1,108000,223000
2019,1,26,3,4,8,1,9000,9000
2019,2,34,2,0,7,1,30700,46200
2019,1,19,2,0,6,1,15500,46200
2019,2,2,2,0,0,0,NA,46200
2019,1,55,1,0,10,1,24000,61000
2019,2,44,2,0,11,1,37000,61000
2019,1,6,3,0,1,0,NA,61000
2019,1,5,3,0,0,0,NA,61000
2019,1,57,1,0,7,1,83600,83600
2019,2,49,1,0,11,1,145000,302500
2019,1,64,1,0,11,1,155000,302500
2019,1,17,1,0,5,3,2500,302500
2019,1,28,1,0,11,1,52380,52380
2019,1,25,1,0,4,1,56800,56800
2019,1,24,1,0,10,1,79000,87200
2019,1,23,1,0,7,1,8200,87200
2019,2,31,1,0,7,1,15000,15000
2019,1,40,2,0,6,1,40000,15000
2019,1,12,3,0,2,0,NA,15000
2019,1,8,3,0,1,0,NA,15000
2019,2,54,1,0,7,1,34250,84250
2019,2,49,1,0,11,1,50000,84250
2019,2,66,1,0,6,1,54900,147100
2019,1,72,1,0,6,3,92200,147100
2019,1,40,1,0,10,1,13400,13400
2019,2,31,1,0,11,1,25000,25000
2019,1,64,1,0,5,1,36000,64500
2019,1,29,1,0,2,1,28500,64500
2019,1,89,1,0,11,3,99000,99000
2019,2,27,1,0,11,1,7200,7200
2019,1,28,3,0,10,1,50000,50000
2019,2,26,1,0,10,1,45000,45000
2019,2,30,1,0,8,1,80000,160000
2019,2,33,1,0,10,1,80000,160000
2019,2,80,1,0,11,3,105800,105800
2019,2,29,1,0,11,1,87000,217000
2019,1,34,1,0,10,1,130000,217000
2019,1,35,1,0,10,1,85000,85000
2019,1,48,1,0,10,1,71000,91400
2019,2,47,1,0,10,1,17000,91400
2019,2,16,1,0,3,1,3400,91400
2019,2,12,1,0,2,0,NA,91400
2019,1,40,1,0,10,1,25800,32700
2019,1,18,1,0,5,1,6900,32700
2019,2,89,1,1,0,3,23500,23500
2019,1,34,1,0,7,1,20000,55400
2019,1,27,1,0,10,1,35400,55400
2019,2,67,1,0,8,3,13600,13600
2019,1,32,1,0,10,1,50000,95000
2019,2,26,3,0,7,1,45000,95000
2019,2,76,1,0,11,1,17700,121350
2019,1,75,1,0,11,1,103650,121350
2019,2,25,1,0,10,2,20700,20700
2019,1,34,3,0,6,1,12000,60000
2019,2,35,3,0,10,1,48000,60000
2019,2,5,3,0,0,0,NA,60000
2019,1,3,3,0,0,0,NA,60000
2019,1,2,3,0,0,0,NA,60000
2019,2,0,3,0,0,0,NA,60000
2019,1,24,3,0,6,2,0,60000
2019,2,46,1,0,11,1,56000,56000
2019,1,41,1,0,11,1,70000,56000
2019,1,13,1,0,2,0,NA,56000
2019,2,7,1,0,1,0,NA,56000
2019,2,64,1,0,8,3,75000,91800
2019,1,67,1,0,6,3,16800,91800
2019,1,53,3,0,0,3,14500,146600
2019,2,50,3,0,0,1,24000,146600
2019,1,27,3,0,6,1,46000,146600
2019,1,22,3,0,7,1,30000,146600
2019,1,20,3,0,6,1,8000,146600
2019,1,35,3,0,11,1,24100,146600
2019,1,54,1,0,11,1,98100,98100
2019,1,66,1,0,10,1,30400,30400
2019,2,60,1,0,6,1,65000,65000
2019,2,32,1,0,11,1,79000,209000
2019,1,38,1,0,11,1,130000,209000
2019,2,0,1,0,0,0,NA,209000
2019,2,62,1,0,10,3,13000,13000
2019,1,52,3,4,7,1,28000,28000
2019,2,46,3,4,2,1,27100,28000
2019,2,21,3,4,7,1,3100,28000
2019,2,10,3,4,1,0,NA,28000
2019,2,49,1,0,7,1,41000,41000
2019,2,74,1,0,6,3,26500,26500
2019,1,49,3,0,11,1,1e+05,246800
2019,2,49,1,0,11,1,145000,246800
2019,1,17,1,0,4,1,1800,246800
2019,2,13,1,0,2,0,NA,246800
2019,1,22,3,0,10,3,0,0
2019,1,22,3,0,10,3,0,0
2019,1,35,1,0,11,1,40000,40000
2019,2,35,1,0,10,1,40000,40000
2019,2,4,1,0,0,0,NA,40000
2019,1,1,1,0,0,0,NA,40000
2019,2,33,1,0,11,1,34000,34000
2019,2,48,1,0,10,1,105000,158000
2019,1,69,1,0,10,1,53000,158000
2019,2,37,1,0,11,1,50000,545000
2019,1,37,3,0,10,1,495000,545000
2019,2,9,3,0,1,0,NA,545000
2019,2,7,3,0,1,0,NA,545000
2019,1,25,1,0,10,1,68000,68000
2019,1,24,1,0,10,2,30000,30000
2019,1,24,1,0,10,1,40000,40000
2019,1,37,1,0,6,1,58000,119000
2019,1,47,1,0,8,1,61000,119000
2019,1,46,3,4,6,1,40000,40000
2019,1,47,1,0,8,1,27000,27000
2019,1,49,1,0,10,1,136000,297300
2019,2,41,1,0,10,1,160000,297300
2019,2,15,1,0,2,0,1300,297300
2019,2,10,1,0,1,0,NA,297300
2019,1,8,1,0,1,0,NA,297300
2019,1,46,1,0,8,1,55000,1e+05
2019,2,42,1,4,7,1,45000,1e+05
2019,2,74,1,0,10,3,43300,72300
2019,1,76,1,0,10,3,29000,72300
2019,1,53,1,0,11,1,130000,330000
2019,2,44,3,0,6,1,2e+05,330000
2019,1,32,3,0,11,1,65000,65000
2019,1,22,3,0,10,1,12600,12600
2019,1,26,3,0,11,1,7200,7200
2019,1,23,3,0,10,1,3900,3900
2019,2,58,1,0,10,1,84000,84000
2019,2,42,3,0,11,1,278000,278000
2019,1,82,1,0,11,3,19400,31900
2019,2,78,1,0,6,3,12500,31900
2019,1,35,3,1,2,1,34200,34200
2019,2,36,3,0,4,3,0,34200
2019,2,16,3,1,4,3,0,34200
2019,1,8,3,1,1,0,NA,34200
2019,2,4,3,1,1,0,NA,34200
2019,1,10,3,0,1,0,NA,34200
2019,2,43,2,0,0,1,12000,34000
2019,1,58,2,0,0,3,0,34000
2019,2,19,2,0,5,3,9000,34000
2019,1,17,2,0,5,1,4000,34000
2019,2,15,2,0,4,0,0,34000
2019,1,12,2,0,2,0,NA,34000
2019,1,10,2,0,2,0,NA,34000
2019,2,7,2,0,1,0,NA,34000
2019,1,25,2,0,10,3,9000,34000
2019,2,33,1,0,7,1,48000,48000
2019,1,4,1,4,1,0,NA,48000
2019,1,32,3,0,11,1,48000,48000
2019,1,34,3,4,10,1,45000,45000
2019,2,30,1,0,10,1,76000,76000
2019,2,30,1,0,10,1,120000,76000
2019,2,27,1,0,11,1,47000,47000
2019,2,29,2,0,6,1,11500,11500
2019,2,5,2,0,1,0,NA,11500
2019,2,1,2,0,0,0,NA,11500
2019,2,29,1,0,8,1,31200,39800
2019,1,30,1,0,10,1,8600,39800
2019,1,39,1,0,10,1,45000,127000
2019,2,39,1,0,10,1,82000,127000
2019,1,7,1,0,1,0,NA,127000
2019,2,22,1,0,7,3,8000,8000
2019,2,23,1,0,10,1,50000,50000
2019,2,21,1,0,7,1,32000,32000
2019,2,71,1,0,6,3,29500,29500
2019,1,28,3,0,8,1,18000,18000
2019,2,8,3,0,1,0,NA,18000
2019,1,25,3,0,11,3,0,0
2019,1,75,1,0,6,1,41800,41800
2019,2,25,1,0,10,1,50000,50000
2019,1,34,1,0,10,1,58060,50000
2019,1,53,2,0,7,1,15650,15650
2019,2,31,1,0,11,1,36000,99000
2019,1,31,1,0,11,1,63000,99000
2019,1,23,1,0,8,3,35700,56500
2019,2,24,1,0,7,1,20800,56500
2019,2,3,1,0,0,0,NA,56500
2019,1,0,1,0,0,0,NA,56500
2019,2,38,1,0,8,3,0,508000
2019,1,37,1,0,11,1,476000,508000
2019,2,1,1,0,0,0,NA,508000
2019,2,29,1,0,11,1,32000,508000
2019,2,55,1,0,8,1,18000,125600
2019,1,54,1,0,7,1,95000,125600
2019,1,18,1,0,6,1,12600,125600
2019,2,28,2,0,6,3,7800,7800
2019,1,10,2,0,1,0,NA,7800
2019,1,5,2,0,0,0,NA,7800
2019,1,3,2,0,0,0,NA,7800
2019,2,25,1,0,10,1,61000,61000
2019,2,72,1,0,7,1,24000,46000
2019,1,36,1,0,6,1,22000,46000
2019,1,23,2,0,6,1,33400,33400
2019,1,83,1,0,6,3,145600,145600
2019,1,29,1,0,11,1,73000,73000
2019,2,29,1,0,10,1,300,73000
2019,2,52,1,0,11,1,65000,127000
2019,1,52,1,0,10,1,62000,127000
2019,1,17,1,0,5,3,0,127000
2019,2,14,1,0,2,0,NA,127000
2019,2,75,1,0,6,3,36900,122900
2019,1,38,1,0,6,1,34000,122900
2019,1,7,1,0,1,0,NA,122900
2019,1,5,1,0,0,0,NA,122900
2019,1,1,1,0,0,0,NA,122900
2019,2,35,1,0,7,1,52000,122900
2019,1,46,1,0,10,1,133000,133000
2019,2,38,1,0,11,1,110300,126200
2019,1,40,1,0,11,3,15900,126200
2019,2,5,1,0,1,0,NA,126200
2019,1,56,1,0,11,1,57200,179200
2019,2,55,1,0,10,1,122000,179200
2019,1,39,1,0,11,1,130500,130500
2019,1,58,3,0,7,1,27000,27000
2019,2,62,2,0,6,1,31200,61600
2019,1,58,2,0,6,3,12400,61600
2019,1,14,2,0,2,0,NA,61600
2019,2,88,1,0,7,3,18000,61600
2019,2,68,1,0,11,3,40500,40500
2019,2,47,1,0,10,1,142200,232200
2019,1,48,1,4,10,1,90000,232200
2019,1,45,3,1,3,1,20000,20000
2019,2,37,3,1,6,1,10500,20000
2019,1,47,1,0,11,2,125100,235100
2019,2,47,1,0,10,1,110000,235100
2019,1,9,1,0,1,0,NA,235100
2019,1,65,1,0,7,1,100010,188020
2019,2,70,1,0,10,3,88010,188020
2019,1,58,1,0,10,3,43000,43000
2019,1,69,2,0,6,3,9400,9400
2019,2,55,1,0,11,1,226000,228000
2019,2,18,1,0,5,1,2000,228000
2019,1,43,3,4,11,1,150000,2e+05
2019,2,45,1,1,10,1,50000,2e+05
2019,2,14,3,4,3,0,NA,2e+05
2019,1,55,1,0,11,1,94000,190000
2019,2,54,1,0,10,1,96000,190000
2019,2,18,1,0,5,3,0,190000
2019,2,77,1,0,10,1,44000,44000
2019,2,31,1,0,11,1,62000,62000
2019,1,40,2,0,11,1,75000,62000
2019,1,29,1,0,10,1,40000,40000
2019,2,26,1,0,11,1,40000,40000
2019,1,15,3,1,4,0,0,62000
2019,2,27,1,0,11,1,56030,56030
2019,1,67,1,0,7,3,41900,41900
2019,1,28,1,0,10,1,130000,220000
2019,2,27,1,0,10,1,90000,220000
2019,1,29,1,0,10,1,50000,50000
2019,1,63,1,0,10,2,16400,16400
2019,2,70,1,0,10,3,0,0
2019,2,83,1,0,7,3,11400,11400
2019,2,46,1,0,10,1,92000,92000
2019,2,34,2,0,0,1,42800,42800
2019,1,11,2,0,2,0,NA,42800
2019,2,34,1,0,11,3,0,486500
2019,1,33,1,0,10,1,486500,486500
2019,2,2,1,0,0,0,NA,486500
2019,2,62,2,0,8,1,58400,129400
2019,1,64,2,0,6,1,71000,129400
2019,1,72,1,0,7,3,64900,64900
2019,1,26,1,0,8,1,33000,33000
2019,2,46,2,0,10,1,69000,71400
2019,2,15,2,0,3,0,2400,71400
2019,2,65,1,0,11,3,64000,99500
2019,1,76,1,0,11,3,35500,99500
2019,2,25,1,0,7,1,36000,36000
2019,2,23,1,0,10,1,2000,2000
2019,1,29,1,0,10,1,105000,105000
2019,1,31,1,0,10,1,85000,85000
2019,2,38,1,0,11,1,60000,152000
2019,1,44,1,0,7,1,92000,152000
2019,1,12,1,0,2,0,NA,152000
2019,1,64,1,0,10,1,36900,36900
2019,2,25,3,0,6,1,47000,47000
2019,1,61,1,0,10,1,30000,30000
2019,2,61,1,0,11,1,60000,60000
2019,2,33,1,0,11,1,110000,110000
2019,1,66,1,0,6,1,64000,100700
2019,2,61,1,0,6,1,36700,100700
2019,2,35,1,0,10,1,55000,101000
2019,1,33,1,0,10,1,46000,101000
2019,2,1,1,0,0,0,NA,101000
2019,1,33,1,0,10,1,36500,36500
2019,2,34,1,0,7,1,21800,36500
2019,2,36,1,0,10,1,37500,37500
2019,2,43,3,4,7,1,41000,76000
2019,1,46,3,4,6,1,35000,76000
2019,1,17,3,4,4,3,0,76000
2019,2,15,3,4,2,0,0,76000
2019,1,2,3,4,0,0,NA,76000
2019,2,31,1,0,11,1,80000,143000
2019,1,30,1,0,10,1,63000,143000
2019,1,59,2,0,7,1,22800,85800
2019,2,43,2,0,7,1,63000,85800
2019,1,2,2,0,0,0,NA,85800
2019,2,70,2,0,7,3,0,85800
2019,1,29,1,0,8,3,10000,10000
2019,1,33,1,0,10,1,80000,80000
2019,2,32,1,0,10,1,30000,80000
2019,1,29,3,0,10,1,85120,85120
2019,2,28,1,0,10,1,89000,85120
2019,1,33,1,0,11,1,110000,140000
2019,2,32,1,0,10,1,30000,140000
2019,2,5,1,0,1,0,NA,140000
2019,2,1,1,0,0,0,NA,140000
2019,2,29,1,0,7,1,20000,20000
2019,1,26,1,0,7,1,36000,66400
2019,2,24,1,0,10,1,30400,66400
2019,1,68,1,0,10,3,49900,70400
2019,2,67,1,0,6,3,20500,70400
2019,2,40,1,0,11,1,140000,158000
2019,1,35,1,0,10,3,18000,158000
2019,1,53,1,0,10,1,36400,136400
2019,1,53,1,0,8,1,85000,136400
2019,2,55,1,0,7,3,15000,136400
2019,2,48,1,0,7,3,600,116250
2019,1,49,3,0,10,1,115600,116250
2019,2,16,3,0,4,3,30,116250
2019,2,15,3,0,2,0,20,116250
2019,1,38,3,0,11,1,42500,42500
2019,2,66,1,0,10,3,92000,92000
2019,2,39,1,0,10,1,90000,90000
2019,2,31,1,0,10,1,39000,39000
2019,1,28,1,0,10,1,40000,40000
2019,1,40,1,0,8,1,84000,84000
2019,1,34,1,0,11,1,1e+05,160000
2019,2,37,1,0,11,1,60000,160000
2019,1,0,1,0,0,0,NA,160000
2019,2,34,1,0,10,1,47000,47000
2019,2,22,3,0,11,1,15000,15000
2019,1,65,1,0,7,3,41900,52000
2019,1,29,1,0,6,1,10100,52000
2019,2,26,1,0,7,1,45000,85000
2019,2,21,1,0,7,1,40000,85000
2019,1,23,1,0,10,1,20000,45000
2019,2,23,1,0,11,1,25000,45000
2019,1,37,1,0,11,1,105000,121000
2019,2,37,1,0,10,1,16000,121000
2019,1,7,1,0,1,0,NA,121000
2019,2,39,1,0,11,1,87000,87000
2019,2,3,1,0,1,0,NA,87000
2019,1,44,3,1,6,1,34200,74200
2019,1,23,3,1,7,1,20000,74200
2019,1,20,3,1,6,2,20000,74200
2019,1,23,3,0,8,1,10000,10000
2019,1,59,1,0,6,3,45000,45000
2019,1,33,1,0,10,1,90000,90000
2019,1,50,1,0,10,1,59000,88200
2019,2,49,1,0,8,2,18000,88200
2019,2,17,2,0,5,1,5000,88200
2019,2,17,2,0,5,1,5000,88200
2019,1,15,2,0,4,0,1200,88200
2019,2,33,1,0,8,1,39000,39000
2019,1,38,3,0,6,1,4000,39000
2019,2,65,3,0,6,3,9400,9400
2019,2,73,1,0,11,3,37200,37200
2019,1,84,1,0,11,3,123700,210200
2019,2,77,1,0,7,3,86500,210200
2019,2,28,2,0,7,1,14700,14700
2019,1,5,2,0,1,0,NA,14700
2019,2,24,1,0,11,1,47000,47000
2019,2,29,3,0,11,1,84000,84000
2019,1,35,1,0,11,1,81000,186000
2019,2,39,1,0,11,1,105000,186000
2019,1,1,1,0,0,0,NA,186000
2019,1,25,1,0,10,1,45000,45000
2019,2,31,3,0,10,3,80,80
2019,1,55,1,0,10,1,54000,54000
2019,1,50,1,0,10,1,60000,60000
2019,2,36,1,0,11,1,47000,104500
2019,1,34,1,0,1,1,57500,104500
2019,1,2,1,0,0,0,NA,104500
2019,1,59,2,0,7,2,5500,5500
2019,1,50,1,0,6,2,10000,10000
2019,1,34,1,0,11,1,62230,86230
2019,2,31,1,0,10,1,24000,86230
2019,1,3,1,0,0,0,NA,86230
2019,2,1,1,0,0,0,NA,86230
2019,1,0,1,0,0,0,NA,86230
2019,2,63,1,0,10,1,80000,130000
2019,1,69,1,0,11,1,50000,130000
2019,2,66,1,0,7,1,77000,77000
2019,2,29,3,1,6,3,0,38000
2019,1,28,3,1,0,1,38000,38000
2019,1,6,3,1,1,0,NA,38000
2019,1,1,3,1,0,0,NA,38000
